Kanji,Kun,On,Arti,Kata 1,Kata 2,Kata 3,URL,Peringkat frekuensi
結,"むす.ぶ, ゆ.う, ゆ.わえる","ケツ, ケチ","dasi, mengikat, kontrak, bergabung, mengatur, menata rambut, mengencangkan","結束【けっそく】persatuan, kesatuan, solidaritas, membundel, mengikat, ...","結核【けっかく】tuberkulosis, TB, konkresi","結び【むすび】akhir, kesimpulan, bergabung, persatuan, menghubungkan, ...",https://kanjikana.com/id/kanji/結?jlpt=1,162
張,"は.る, -は.り, -ば.り",チョウ,"memperpanjang, penghitung untuk busur & instrumen bertali, meregangkan, menyebar, mendirikan (tenda)","膨張【ぼうちょう】ekspansi, pembengkakan, meningkatkan, pertumbuhan","張り紙【はりがみ】kertas perbaikan, pelapis kertas, poster, stiker, label",誇張【こちょう】pembesaran,https://kanjikana.com/id/kanji/張?jlpt=1,403
保,たも.つ,"ホ, ホウ","melindungi, jaminan, menjaga, mempertahankan, dukungan","保護【ほご】perlindungan, melindungi, perwalian, penjagaan, bantuan, ...","確保【かくほ】mengamankan, mendapatkan, memastikan, jaminan, memelihara, ...","保つ【たもつ】menjaga, melestarikan, memegang, mempertahankan, memelihara, ...",https://kanjikana.com/id/kanji/保?jlpt=1,146
撃,う.つ,ゲキ,"mengalahkan, serangan, kekalahan, taklukkan","衝撃【しょうげき】dampak, kejutan, dorongan, syok psikologis","襲撃【しゅうげき】serangan mendadak, serangan, serbuan, tuduhan","反撃【はんげき】serangan balik, serangan balasan, pukulan balasan",https://kanjikana.com/id/kanji/撃?jlpt=1,473
証,あかし,ショウ,"bukti, sertifikat",証拠【しょうこ】bukti,"証言【しょうげん】kesaksian, bukti (lisan)","証【あかし】bukti, tanda, kesaksian, pembenaran, sertifikat, ...",https://kanjikana.com/id/kanji/証?jlpt=1,306
士,さむらい,シ,"pria sopan, cendekiawan, samurai, radikal samurai (no. 33)",兵士【へいし】prajurit,"同士【どうし】rekan, saling, teman, kawan","学士【がくし】lulusan universitas, sarjana, gelar sarjana",https://kanjikana.com/id/kanji/士?jlpt=1,526
第,,"ダイ, テイ","tidak., tempat tinggal",第【だい】awalan untuk membentuk bilangan urutan,"落第【らくだい】gagal, gagal naik kelas, tidak memenuhi standar","次第【しだい】tergantung pada, segera setelah, atas, seperti, apa saja, ...",https://kanjikana.com/id/kanji/第?jlpt=1,160
郎,おとこ,"ロウ, リョウ","anak laki-laki, penghitung untuk anak laki-laki","野郎【やろう】pria, rekan, teman, anjing, bajingan, ...","郎【ろう】putra kesekian, bahasa, gelar resmi dalam Tiongkok kuno, pria, pemuda, ...",女郎【じょろう】yūjo,https://kanjikana.com/id/kanji/郎?jlpt=1,569
応,"あた.る, まさに, こた.える","オウ, ヨウ, -ノウ","menerapkan, jawaban, ya, baik, balasan, terima","反応【はんのう】reaksi, tanggapan","対応【たいおう】korespondensi (ke), kesetaraan, kesesuaian, koordinasi, pencocokan, ...","応急【おうきゅう】darurat, pertolongan pertama",https://kanjikana.com/id/kanji/応?jlpt=1,266
護,まも.る,ゴ,melindungi,"保護【ほご】perlindungan, melindungi, perwalian, penjagaan, bantuan, ...","看護【かんご】keperawatan, perawat militer","介護【かいご】keperawatan, perawatan, peduli",https://kanjikana.com/id/kanji/護?jlpt=1,351
離,"はな.れる, はな.す",リ,"melepaskan, pemisahan, memisahkan, menyimpang","距離【きょり】jarak, jangkauan, interval, perbedaan (misalnya dalam pendapat), celah","分離【ぶんり】pemisahan, partisi, segregasi, isolasi","離れる【はなれる】terpisah, menjauh, pergi, mengundurkan diri, berhenti, ...",https://kanjikana.com/id/kanji/離?jlpt=1,555
藤,ふじ,"トウ, ドウ",wisteria,"藤【ふじ】wisteria (khususnya wisteria Jepang, Wisteria floribunda), wisteria","葛藤【かっとう】konflik, komplikasi, kesulitan, discord",,https://kanjikana.com/id/kanji/藤?jlpt=1,291
態,わざ.と,タイ,"sikap, kondisi, figur, penampilan, suara (dari kata kerja)","実態【じったい】keadaan sebenarnya, kondisi aktual, kenyataan","形態【けいたい】bentuk, figur, berubah bentuk","態勢【たいせい】sikap, postur, kesiapan",https://kanjikana.com/id/kanji/態?jlpt=1,353
検,しら.べる,ケン,"pemeriksaan, menyelidiki",検事【けんじ】jaksa penuntut umum,"探検【たんけん】eksplorasi, ekspedisi","点検【てんけん】inspeksi, ujian, memeriksa",https://kanjikana.com/id/kanji/検?jlpt=1,290
井,い,"セイ, ショウ","baik, baik ranjang bayi, kota, komunitas","天井【てんじょう】langit-langit, harga maksimum, plafon harga",井戸【いど】sumur air,筒井【つつい】sumur bulat,https://kanjikana.com/id/kanji/井?jlpt=1,339
我,"われ, わ, わ.が-, わが-",ガ,"aku, saya, egois, kami, diri sendiri","自我【じが】diri, ego",我々【われわれ】kami,"我慢【がまん】ketahanan, kesabaran, ketekunan, membawa (dengan sesuatu), pengendalian diri",https://kanjikana.com/id/kanji/我?jlpt=1,829
視,み.る,シ,"pemeriksaan, anggap sebagai, lihat","監視【かんし】pemantauan, menonton, pengamatan, pengawasan, menjaga, ...","視野【しや】bidang penglihatan, pemandangan, pandangan seseorang (mis. tentang kehidupan), cakrawala seseorang","視察【しさつ】inspeksi, pengamatan",https://kanjikana.com/id/kanji/視?jlpt=1,362
隊,,タイ,"resimen, pesta, perusahaan, tim","軍隊【ぐんたい】angkatan bersenjata, militer, pasukan",隊長【たいちょう】perwira komando,"部隊【ぶたい】kekuatan, satuan, korps, tim, pasukan, ...",https://kanjikana.com/id/kanji/隊?jlpt=1,605
統,"す.べる, ほび.る",トウ,"secara keseluruhan, hubungan, keputusan, memerintah","統合【とうごう】integrasi, unifikasi, kesatuan, kombinasi, konsolidasi, ...","統制【とうせい】peraturan, kontrol","統率【とうそつ】perintah, timbal, kepemimpinan militer, kepemimpinan",https://kanjikana.com/id/kanji/統?jlpt=1,125
義,,ギ,"kebenaran, keadilan, moralitas, kehormatan, kesetiaan, arti","正義【せいぎ】keadilan, benar, kebenaran, arti yang benar, penjelasan yang benar","義理【ぎり】tugas, rasa tanggung jawab, kehormatan, kesopanan, utang budi, ...",定義【ていぎ】definisi,https://kanjikana.com/id/kanji/義?jlpt=1,415
案,つくえ,アン,"rencana, saran, draf, memikirkan, takut, proposisi, ide, harapan, khawatir, meja, bangku","議案【ぎあん】ruu legislatif, ukur, poin agenda","案の定【あんのじょう】seperti satu pikiran, seperti biasa, memang benar","案じる【あんじる】cemas (tentang), khawatir (tentang), khawatir, takut, merancang, ...",https://kanjikana.com/id/kanji/案?jlpt=1,206
器,うつわ,キ,"peralatan, kapal, wadah, melaksanakan, instrumen, kemampuan, kontainer, alat, aturan","器【うつわ】mangkuk, kapal, kontainer, kemampuan, kapasitas, ...","兵器【へいき】lengan, senjata, persenjataan","陶器【とうき】porselen (khususnya porselen lunak), cina, barang pecah belah, tembikar, keramik, ...",https://kanjikana.com/id/kanji/器?jlpt=1,525
僕,しもべ,ボク,"saya, pelayan, pelayan pria","僕【しもべ】pelayan, pelayan pria, rendah","僕【ぼく】saya, kamu, pelayan pria","僕【やつがれ】Saya, saya",https://kanjikana.com/id/kanji/僕?jlpt=1,36
影,かげ,エイ,"bayangan, siluet, hantu","撮影【さつえい】fotografi (diam atau gerak), memotret, pembuatan film, penembakan, perekaman video","影響【えいきょう】pengaruh, efek, dampak","影【かげ】bayangan, siluet, angka, bentuk, refleksi, ...",https://kanjikana.com/id/kanji/影?jlpt=1,464
独,ひと.り,"ドク, トク","tunggal, sendiri, secara spontan, jerman","孤独【こどく】kesendirian, kesepian, isolasi",独創【どくそう】keaslian,"独自【どくじ】asli, unik, khas, karakteristik, aneh, ...",https://kanjikana.com/id/kanji/独?jlpt=1,365
派,,ハ,"faksi, kelompok, pesta, klik, sekte, sekolah","特派【とくは】kirim secara khusus, utusan khusus","派手【はで】menyolok, keras, mencolok","立派【りっぱ】luar biasa, baik, tampan, anggun, mengesankan, ...",https://kanjikana.com/id/kanji/派?jlpt=1,164
氏,"うじ, -うじ",シ,"nama keluarga, nama belakang, klan","氏【うじ】nama keluarga, garis keturunan, kelahiran, klan","氏【し】tuan, ibu, Nyonya, nyonya, klan, ...","彼氏【かれし】pacar, dia",https://kanjikana.com/id/kanji/氏?jlpt=1,84
監,,カン,"mengawasi, resmi, kantor pemerintah, aturan, mengelola","監視【かんし】pemantauan, menonton, pengamatan, pengawasan, menjaga, ...","監督【かんとく】pengawasan, kontrol, arah, direktur, pengawas, ...","監査【かんさ】inspeksi, audit, penghakiman",https://kanjikana.com/id/kanji/監?jlpt=1,408
攻,せ.める,コウ,"agresi, serangan, mengkritik, polandia","攻め【せめ】serangan, pelanggaran, puncak, hujan (dari), banjir",攻める【せめる】menyerang,"攻撃【こうげき】serangan, serbuan, serangan masif, menyinggung, kritik, ...",https://kanjikana.com/id/kanji/攻?jlpt=1,532
宮,みや,"キュウ, グウ, ク, クウ","kuil shinto, konstelasi, istana, putri",宮殿【きゅうでん】istana,"宮【きゅう】istana, tonik (dari skala pentatonik Jepang dan Cina), hukuman Tiongkok kuno (pengebirian untuk pria, atau penahanan untuk wanita), tanda zodiak","宮【みや】kuil, istana, kediaman kekaisaran, Pangeran kekaisaran, Putri kekaisaran, ...",https://kanjikana.com/id/kanji/宮?jlpt=1,367
佐,,サ,"asisten, bantu","大佐【たいさ】kolonel, kapten angkatan laut","少佐【しょうさ】utama, komandan letnan, komandan sayap",三佐【さんさ】mayor (JGSDF),https://kanjikana.com/id/kanji/佐?jlpt=1,474
姿,すがた,シ,"angka, bentuk","姿勢【しせい】postur, berpose, posisi, sikap, pendekatan","姿【すがた】angka, bentuk, penampilan, gaun, penyamaran, ...","後ろ姿【うしろすがた】penampilan dari belakang, orang yang dilihat dari belakang, pemandangan belakang, sosok yang mundur",https://kanjikana.com/id/kanji/姿?jlpt=1,441
傷,"きず, いた.む, いた.める",ショウ,"luka, sakit, melukai, mengganggu, nyeri, cedera, potong, bekas luka, titik lemah","傷つく【きずつく】terluka, cedera, merasa terluka, rusak, untuk ditanam chip, ...","中傷【ちゅうしょう】fitnah, oles","負傷【ふしょう】cedera, luka",https://kanjikana.com/id/kanji/傷?jlpt=1,845
素,もと,"ソ, ス","dasar, prinsip, telanjang, terbuka",炭素【たんそ】karbon (C),"元素【げんそ】unsur, unsur kimia, unsur klasik (misalnya tanah, air, udara, api), asal, sumber","質素【しっそ】sederhana, polos, hemat, dipesan",https://kanjikana.com/id/kanji/素?jlpt=1,660
救,すく.う,キュウ,"keselamatan, menyimpan, bantuan, penyelamatan, klaim kembali","救済【きゅうさい】bantuan, penyelamatan, keselamatan (agama), anugerah (Kristen)","救う【すくう】menyelamatkan dari, membantu keluar dari, menyimpan","救助【きゅうじょ】bantuan, penyelamatan",https://kanjikana.com/id/kanji/救?jlpt=1,799
価,あたい,"カ, ケ","nilai, harga","定価【ていか】harga daftar, harga normal, harga yang ditetapkan","価値【かち】nilai, jasa","評価【ひょうか】penilaian, evaluasi, perkiraan, peringkat, menilai, ...",https://kanjikana.com/id/kanji/価?jlpt=1,250
松,まつ,ショウ,pohon pin,"松【まつ】pohon pinus (Pinus spp.), tertinggi","赤松【あかまつ】pinus densiflora (pinus merah jepang), pinus payung jepang, pinus tanyosho","若松【わかまつ】pohon pinus muda, dekorasi pinus simbolik tahun baru",https://kanjikana.com/id/kanji/松?jlpt=1,471
壊,"こわ.す, こわ.れる, やぶ.る","カイ, エ","penghancuran, istirahat, hancurkan","破壊【はかい】kehancuran, gangguan, aplikasi macet","崩壊【ほうかい】runtuh, hancur, rusak, runuh, peluruhan radioaktif, ...","壊す【こわす】memecahkan, menghancurkan, merusak, membongkar",https://kanjikana.com/id/kanji/壊?jlpt=1,727
弁,"かんむり, わきま.える, わ.ける, はなびら, あらそ.う","ベン, ヘン","katup, kelopak, kepang, pidato, dialek, diskriminasi, membuang, membedakan, topi kerucut","勘弁【かんべん】maaf, pengampunan, kesabaran","弁論【べんろん】diskusi, debat, argumen","弁解【べんかい】penjelasan, alasan, pembenaran, pertahanan",https://kanjikana.com/id/kanji/弁?jlpt=1,619
援,,エン,"mendorong, bantu, simpan","応援【おうえん】bantuan, dukungan, penguatan, bersorak, mendukung","援助【えんじょ】bantuan, dukungan","支援【しえん】dukungan, bantuan",https://kanjikana.com/id/kanji/援?jlpt=1,312
貴,"たっと.い, とうと.い, たっと.ぶ, とうと.ぶ",キ,"berharga, nilai, hadiah, penghargaan, kehormatan","貴族【きぞく】mulia, aristokrat, rekan",貴重【きちょう】berharga,"兄貴【あにき】kakak laki-laki, senior seseorang, pria tua, pria yang lebih tua dari diri sendiri",https://kanjikana.com/id/kanji/貴?jlpt=1,970
崎,"さき, さい, みさき",キ,"tanah yang menjorok ke laut, cape, ludah","崎【さき】semenanjung kecil, cape, tanah yang menjorok ke laut",,,https://kanjikana.com/id/kanji/崎?jlpt=1,533
基,"もと, もとい",キ,"dasar-dasar, radikal, pencacah untuk mesin, dasar","基【もとい】dasar, pondasi, penyebab","基金【ききん】dana, dasar",基地【きち】basis,https://kanjikana.com/id/kanji/基?jlpt=1,241
故,"ゆえ, ふる.い, もと",コ,"kebetulan, terutama, sengaja, alasan, penyebab, keadaan, almarhum, oleh karena itu, karenanya","故人【こじん】orang yang telah meninggal, yang telah pergi, teman lama, kenalan lama","故郷【ふるさと】kampung halaman, tempat kelahiran, tempat asal, rumah lama seseorang, reruntuhan, ...","事故【じこ】kecelakaan, insiden, masalah, keadaan, alasan",https://kanjikana.com/id/kanji/故?jlpt=1,612
刑,,ケイ,"menghukum, hukuman, kalimat",死刑【しけい】hukuman mati,"刑罰【けいばつ】hukuman (pidana), hukuman, kalimat","刑【けい】hukuman, kalimat",https://kanjikana.com/id/kanji/刑?jlpt=1,864
嫌,"きら.う, きら.い, いや","ケン, ゲン","tidak suka, membenci, benci","嫌がる【いやがる】terlihat tidak nyaman, sepertinya membenci, mengungkapkan ketidaksukaan","好き嫌い【すききらい】suka dan tidak suka, pemilih (tentang makanan), kecerewetan, rasa, preferensi","嫌う【きらう】membenci, tidak suka",https://kanjikana.com/id/kanji/嫌?jlpt=1,1207
密,ひそ.か,ミツ,"kerahasiaan, kepadatan (populasi), ketelitian, kehati-hatian",密度【みつど】kepadatan,"過密【かみつ】kepadatan, kemacetan, kelebihan penduduk, penuh sesak, macet, ...","密集【みっしゅう】berkerumun, berkelompok bersama, formasi rapat, gerombolan",https://kanjikana.com/id/kanji/密?jlpt=1,815
裁,"た.つ, さば.く",サイ,"penjahit, hakim, keputusan, pola yang dipotong","制裁【せいさい】sanksi, hukuman","体裁【ていさい】penampilan (luar), format yang benar (misalnya dari sebuah esai), bentuk, gaya, penampilan, ...","裁く【さばく】menilai, memutuskan, menghakimi, mencoba",https://kanjikana.com/id/kanji/裁?jlpt=1,297
謝,あやま.る,シャ,"minta maaf, terima kasih, menolak",月謝【げっしゃ】biaya sekolah bulanan,"感謝【かんしゃ】terima kasih, rasa syukur, penghargaan, kesyukuran",謝る【あやまる】meminta maaf,https://kanjikana.com/id/kanji/謝?jlpt=1,1028
提,さ.げる,"テイ, チョウ, ダイ","mengusulkan, bawa bersama, membawa di tangan","提供【ていきょう】tawaran, lembut, menyediakan, memasok, mendonorkan (darah, organ, dll.), ...","前提【ぜんてい】kondisi, asumsi, prasyarat, hipotesis, niat, ...","提携【ていけい】kerjasama, ikatan, usaha bersama, kemitraan, alianza, ...",https://kanjikana.com/id/kanji/提?jlpt=1,254
衛,,"エイ, エ","pertahanan, perlindungan","守衛【しゅえい】penjaga keamanan, pengasuh, tukang bersih, penjaga pintu","防衛【ぼうえい】pertahanan, perlindungan",自衛【じえい】pembelaan diri,https://kanjikana.com/id/kanji/衛?jlpt=1,400
秘,"ひ.める, ひそ.か, かく.す",ヒ,"rahasia, menyembunyikan","秘書【ひしょ】(sekretaris) pribadi, buku berharga, buku rahasia","神秘【しんぴ】misteri, kekaburan, rahasia","秘密【ひみつ】rahasia, kerahasiaan, privasi, misteri, rahasia (misalnya untuk kesuksesan), ...",https://kanjikana.com/id/kanji/秘?jlpt=1,862
雄,"お-, おす, おん",ユウ,"maskulin, laki-laki, pahlawan, pemimpin, keunggulan",雄【おす】jantan,"英雄【えいゆう】pahlawan, pahlawan wanita, orang hebat, simfoni eroica (beethoven, 1804), polonaise heroik (chopin)","雄【お】pria, jantan, berani, heroik, lebih besar (dari keduanya), ...",https://kanjikana.com/id/kanji/雄?jlpt=1,669
隠,"かく.す, かく.し, かく.れる, よ.る","イン, オン","menyembunyikan, sembunyi, penutup","隠居【いんきょ】pensiun (dari pekerjaan), menjalani kehidupan yang tenang (setelah pensiun), pensiunan, menyerahkan kepemimpinan keluarga (sebelum PDII)","隠す【かくす】bersembunyi, menyembunyikan","隠れる【かくれる】menyembunyikan, tersembunyi, menyembunyikan diri, menghilang",https://kanjikana.com/id/kanji/隠?jlpt=1,1089
異,"こと, こと.なる, け",イ,"tidak umum, berbeda, keanehan seksual, keanehan, luar biasa, penasaran, tidak biasa","異議【いぎ】keberatan, perselisihan, protes","異論【いろん】pendapat yang berbeda, keberatan","驚異【きょうい】keajaiban, keheranan, anak ajaib",https://kanjikana.com/id/kanji/異?jlpt=1,631
銃,つつ,ジュウ,"senjata api, lengan","銃【じゅう】senjata api, senapan, senjata ringan","銃声【じゅうせい】suara tembakan, laporan tembakan senjata","銃撃【じゅうげき】penembakan, menembak mati",https://kanjikana.com/id/kanji/銃?jlpt=1,1013
興,"おこ.る, おこ.す","コウ, キョウ","menghibur, menghidupkan kembali, mengambil, minat, kesenangan","興奮【こうふん】kegembiraan, stimulasi, kegelisahan, gairah","復興【ふっこう】kebangkitan, rekonstruksi, restorasi, membangun kembali, pemulihan, ...","振興【しんこう】promosi, dorongan",https://kanjikana.com/id/kanji/興?jlpt=1,734
条,"えだ, すじ","ジョウ, チョウ, デキ","artikel, klausa, penghitung untuk artikel, klausa, paragraf, dll., ranting, barang, garis, coretan","条約【じょうやく】perjanjian, pakt, konvensi, kesepakatan","条件【じょうけん】kondisi, istilah, persyaratan, kualifikasi, prasyarat","条項【じょうこう】klausa, artikel, ketentuan",https://kanjikana.com/id/kanji/条?jlpt=1,363
修,"おさ.める, おさ.まる","シュウ, シュ","disiplin, bersikap baik, belajar, tuan","改修【かいしゅう】memperbaiki, perbaikan",修了【しゅうりょう】penyelesaian (kursus),専修【せんしゅう】spesialisasi,https://kanjikana.com/id/kanji/修?jlpt=1,603
振,"ふ.る, ふ.れる, ふ.るう",シン,"menggoyangkan, gelombang, anjing, ayunan","不振【ふしん】kebosanan, lesu, kebuntuan, ketidakaktifan, depresi","振興【しんこう】promosi, dorongan","振り【ふり】ayunan, mengguncang, gelombang, bergoyang, penampilan, ...",https://kanjikana.com/id/kanji/振?jlpt=1,614
審,"つまび.らか, つぶさ.に",シン,"pendengaran, hakim, percobaan","審査【しんさ】menghakimi, inspeksi, pemeriksaan, penyelidikan, ulasan","審議【しんぎ】pertimbangan, diskusi","不審【ふしん】ragu, kecurigaan, pertanyaan, keanehan",https://kanjikana.com/id/kanji/審?jlpt=1,412
脱,"ぬ.ぐ, ぬ.げる",ダツ,"membuka pakaian, menghapus, melarikan diri dari, menghilangkan, ditinggalkan, lepas landas","脱出【だっしゅつ】melarikan diri, terobosan, prolaps, proptosis","脱退【だったい】pengunduran diri, pemisahan, pergi, menarik keluar","脱ぐ【ぬぐ】melepas (pakaian, sepatu, dll.), membuka pakaian",https://kanjikana.com/id/kanji/脱?jlpt=1,782
司,つかさど.る,シ,"direktur, resmi, kantor pemerintah, aturan, mengelola","上司【じょうし】atasan, para atasan",司法【しほう】administrasi keadilan,"司会【しかい】memimpin rapat, memimpin upacara, ketua, pembawa acara, tuan rumah, ...",https://kanjikana.com/id/kanji/司?jlpt=1,759
沢,"さわ, うるお.い, うるお.す, つや",タク,"rawa, kecerdasan, anugerah","光沢【こうたく】kecemerlangan, polandia, kilap","贅沢【ぜいたく】kemewahan, hidup mewah, memanjakan diri sendiri, boros, melimpah, ...","沢山【たくさん】banyak, sejumlah besar, banyak sekali, tawaran yang baik, cukup, ...",https://kanjikana.com/id/kanji/沢?jlpt=1,296
魔,,マ,"penyihir, iblis, roh jahat","邪魔【じゃま】hambatan, rintangan, gangguan, mengunjungi, setan yang menghalangi pelatihan Buddha, ...","悪魔【あくま】setan, iblis, māra, roh jahat atau kekuatan yang menghalangi jalan seseorang menuju pencerahan","魔法【まほう】sihir, ilmu sihir, eja",https://kanjikana.com/id/kanji/魔?jlpt=1,1514
従,"したが.う, したが.える, より","ジュウ, ショウ, ジュ","mendampingi, patuhi, menyerahkan kepada, mengikuti, sekunder, insidental, bawahan","従業員【じゅうぎょういん】karyawan, pekerja","従来【じゅうらい】sampai sekarang, sejauh ini, tradisional, konvensional, biasa, ...","従事【じゅうじ】terlibat dalam (pekerjaan), mengejar (misalnya, studi), mengikuti (sebuah profesi), terlibat dalam",https://kanjikana.com/id/kanji/従?jlpt=1,601
激,はげ.しい,ゲキ,"kekerasan, bersemangat, marah, gesekan, menghasut","激増【げきぞう】peningkatan tajam, kenaikan mendadak","感激【かんげき】emosi mendalam, kesan, inspirasi","激しい【はげしい】kekerasan, marah, bergelora, ekstrem, intens, ...",https://kanjikana.com/id/kanji/激?jlpt=1,560
敵,"かたき, あだ, かな.う",テキ,"musuh, lawan","敵【かたき】saingan, lawan, pesaing, musuh (terutama yang sudah lama bermusuhan), musuh, ...","匹敵【ひってき】sepadan dengan, bersaing dengan, menyamai, dibandingkan dengan, setara dengan","敵【てき】lawan, saingan, ancaman, bahaya, musuh",https://kanjikana.com/id/kanji/敵?jlpt=1,1205
弾,"ひ.く, -ひ.き, はず.む, たま, はじ.く, はじ.ける, ただ.す, はじ.きゆみ","ダン, タン","peluru, bunyi, membalikkan, jepret","爆弾【ばくだん】bom, alkohol dengan tambahan minuman keras (khususnya highball shōchū berbasis anggur, juga bir dengan wiski)","弾力【だんりょく】kelenturan, fleksibilitas","弾む【はずむ】menuju musim semi, terikat, memantul, dirangsang, didorong, ...",https://kanjikana.com/id/kanji/弾?jlpt=1,853
響,ひび.く,キョウ,"gema, suara, bergema, cincin, bergetar","反響【はんきょう】gema, tanggapan, reaksi, dampak, sensasi, ...","響く【ひびく】bergema, terdengar jauh, menggoyang, bergetar, pulang, ...","響き【ひびき】gema, bunyi, kebisingan, kualitas suara (misalnya, frasa yang baik, suara jernih, lonceng yang beresonansi), perasaan suara, ...",https://kanjikana.com/id/kanji/響?jlpt=1,502
闘,"たたか.う, あらそ.う",トウ,"perkelahian, perang","戦闘【せんとう】pertempuran, perkelahian, pertarungan","闘士【とうし】pejuang, militan, juara, petinju","闘争【とうそう】perkelahian, pertempuran, pertarungan, konflik, perjuangan (untuk hak, upah yang lebih tinggi, dll.), ...",https://kanjikana.com/id/kanji/闘?jlpt=1,751
頑,かたく.な,ガン,"bandel, bodoh, teguh","頑固【がんこ】bandel, tegas, kepala batu","頑丈【がんじょう】padat, tegas, teguh, kekar, kuat, ...","頑張る【がんばる】bertahan, tetap melakukannya, bergantung pada, berusaha sebaik mungkin, untuk bersikeras bahwa, ...",https://kanjikana.com/id/kanji/頑?jlpt=1,1247
授,"さず.ける, さず.かる",ジュ,"menyampaikan, instruksikan, hibah, berunding","授ける【さずける】memberikan, memberi, memberikan penghargaan, mengajar, memberikan (pengetahuan)","助教授【じょきょうじゅ】dosen pembantu, dosen asosiasi","教授【きょうじゅ】profesor, mengajar, instruksi",https://kanjikana.com/id/kanji/授?jlpt=1,535
撮,"と.る, つま.む, -ど.り",サツ,"cuplikan, ambil gambar","撮影【さつえい】fotografi (diam atau gerak), memotret, pembuatan film, penembakan, perekaman video","撮る【とる】mengambil (foto), merekan (audio atau video), memfilmkan, menembak","特撮【とくさつ】efek khusus, efek suara, tokusatsu (genre film atau drama televisi live-action yang menggunakan efek khusus secara intensif, misalnya Godzilla)",https://kanjikana.com/id/kanji/撮?jlpt=1,1023
遺,のこ.す,"イ, ユイ","mewariskan, tinggalkan, cadangan","遺跡【いせき】sisa-sisa (arkeologis), reruntuhan, relik","遺体【いたい】mayat, sisa-sisa","遺憾【いかん】menyesal, tidak memuaskan, menyedihkan",https://kanjikana.com/id/kanji/遺?jlpt=1,647
策,,サク,"skema, rencana, kebijakan, langkah, berarti","策【さく】rencana, kebijakan, berarti, ukur, strategi, ...","方策【ほうさく】rencana, kebijakan","政策【せいさく】langkah politik, kebijakan",https://kanjikana.com/id/kanji/策?jlpt=1,209
拠,よ.る,"キョ, コ","titik pijakan, berdasarkan, mengikuti, maka dari itu",証拠【しょうこ】bukti,"根拠【こんきょ】dasar, dasar-dasar, alasan, otoritas, basis (operasi)","本拠【ほんきょ】benteng, benteng dalam, dasar, markas besar",https://kanjikana.com/id/kanji/拠?jlpt=1,858
功,いさお,"コウ, ク","pencapaian, kelebihan, kesuksesan, kehormatan, kredit","功績【こうせき】pencapaian, perbuatan berjasa, layanan terhormat, kontribusi","成功【せいこう】keberhasilan, pencapaian, berhasil (dalam hidup), kesuksesan duniawi, kemakmuran","功労【こうろう】perbuatan berjasa, layanan",https://kanjikana.com/id/kanji/功?jlpt=1,857
吉,よし,"キチ, キツ","semoga berhasil, kegembiraan, selamat","不吉【ふきつ】mengancam, menyeramkan, sial, tidak menguntungkan","吉【きち】keberuntungan baik, semoga berhasil, kemujuran, tanggal yang tidak ditentukan",吉兆【きっちょう】pertanda baik,https://kanjikana.com/id/kanji/吉?jlpt=1,711
奈,"いかん, からなし","ナ, ナイ, ダイ","nara, apa?","奈落【ならく】Naraka, Neraka, Hades, paling bawah, akhir, ...",,,https://kanjikana.com/id/kanji/奈?jlpt=1,841
驚,"おどろ.く, おどろ.かす",キョウ,"keajaiban, terkejut, takut, tercengang","驚き【おどろき】kejutan, keheranan, keajaiban","驚異【きょうい】keajaiban, keheranan, anak ajaib","驚かす【おどろかす】mengagetkan, menakutkan, menciptakan kehebohan",https://kanjikana.com/id/kanji/驚?jlpt=1,1141
整,"ととの.える, ととの.う",セイ,"mengorganisir, mengatur, melodi, nada, meter, kunci (musik)","整然【せいぜん】teratur, reguler, sistematis, potong rapi, rapi, ...","整える【ととのえる】menyusun, mengatur, merapikan, memperbaiki, meluruskan, ...","調整【ちょうせい】penyesuaian, peraturan, koordinasi, rekonsiliasi, penalaan, ...",https://kanjikana.com/id/kanji/整?jlpt=1,478
製,,セイ,"dibuat di..., membuat",製鉄【せいてつ】pembuatan besi,"製法【せいほう】metode pembuatan, resep, rumus","製【せい】-dibuat, buat",https://kanjikana.com/id/kanji/製?jlpt=1,488
織,"お.る, お.り, おり, -おり, -お.り","ショク, シキ","menenun, kain","織物【おりもの】tekstil, kain","織り【おり】menenun, barang tenunan",織る【おる】menenun,https://kanjikana.com/id/kanji/織?jlpt=1,608
訴,うった.える,ソ,"tuduhan, menggugat, mengeluh sakit, mengajak kepada","訴え【うったえ】gugatan, keluhan","訴える【うったえる】mengangkat, menarik perhatian (seseorang), mengajak (akal, emosi, dll.), mengerjakan (emosi seseorang), memanfaatkan (simpati seseorang), ...","訴訟【そしょう】perkara hukum, gugatan",https://kanjikana.com/id/kanji/訴?jlpt=1,427
街,まち,"ガイ, カイ","bulevar, jalan, kota","街【がい】jalan, kuartal, distrik, daerah",街頭【がいとう】di jalan,"市街【しがい】daerah perkotaan, jalan-jalan, kota",https://kanjikana.com/id/kanji/街?jlpt=1,891
惑,まど.う,ワク,"memikat, khayalan, kebingungan","惑星【わくせい】planet, kuda hitam, kandidat mengejutkan","誘惑【ゆうわく】godaan, pesona, umpan, penggodaan","疑惑【ぎわく】ragu, kekhawatiran, ketidakpercayaan, kecurigaan",https://kanjikana.com/id/kanji/惑?jlpt=1,777
緊,"し.める, し.まる",キン,"tegang, padat, keras, andal, ketat","緊急【きんきゅう】urgensi, darurat","緊張【きんちょう】ketegangan, ketegangan, kegugupan, stres, ketegangan (antara negara, kelompok, dll.), ...","緊密【きんみつ】ketelitian, ketat, kedekatan, kekompakan, erat terjalin",https://kanjikana.com/id/kanji/緊?jlpt=1,677
誘,"さそ.う, いざな.う",ユウ,"menggoda, timbal, mengundang, tanya, panggilan untuk, pesona","誘惑【ゆうわく】godaan, pesona, umpan, penggodaan","勧誘【かんゆう】undangan, permintaan, berkampanye, pemikat, persuasi, ...","誘う【さそう】mengundang, meminta, memanggil, membawa (seseorang), menggoda, ...",https://kanjikana.com/id/kanji/誘?jlpt=1,993
聖,ひじり,"セイ, ショウ","suci, santo, bijaksana, tuan, imam","聖書【せいしょ】alkitab, kitab suci","神聖【しんせい】kesucian, martabat","聖【ひじり】biksu yang sangat berbudi luhur, biksu, Buddha menyendiri, Misionaris Buddha, orang suci, ...",https://kanjikana.com/id/kanji/聖?jlpt=1,1165
悟,さと.る,ゴ,"pencerahan, mengerti, membedakan, menyadari","悟る【さとる】mempersepsi, merasakan, menyadari, memperhatikan, mendeteksi, ...","覚悟【かくご】kesiapan, terjemahan, pengunduran diri","悟り【さとり】pemahaman, pencerahan, pencerahan spiritual",https://kanjikana.com/id/kanji/悟?jlpt=1,1411
評,,ヒョウ,"mengevaluasi, kritik, komentar","不評【ふひょう】reputasi buruk, penerimaan yang buruk, ketidakterkenalan, ketidakmasyhuran",評論【ひょうろん】kritik,"評価【ひょうか】penilaian, evaluasi, perkiraan, peringkat, menilai, ...",https://kanjikana.com/id/kanji/評?jlpt=1,454
黙,"だま.る, もだ.す","モク, ボク","keheningan, menjadi diam, berhenti berbicara, tinggalkan seperti itu","沈黙【ちんもく】kebisuan, diam, tenang, kediaman, ketidakaktifan","黙る【だまる】diam, tidak mengatakan apa-apa","暗黙【あんもく】implisit, tak terucapkan",https://kanjikana.com/id/kanji/黙?jlpt=1,1338
率,ひき.いる,"ソツ, リツ, シュツ","rasio, tingkat, proporsi, %, faktor, timbal, tombak, perintah","比率【ひりつ】rasio, proporsi, persentase",効率【こうりつ】efisiensi,"倍率【ばいりつ】perbesaran, pengaruh, amplifikasi, faktor penskalaan, faktor skala, ...",https://kanjikana.com/id/kanji/率?jlpt=1,383
泣,な.く,キュウ,"menangis, raungan","泣く【なく】menangis, melolong","泣き声【なきごえ】menangis, suara menangis","悔し泣き【くやしなき】menangis karena jengkel, air mata penyesalan",https://kanjikana.com/id/kanji/泣?jlpt=1,1380
督,,トク,"pelatih, perintah, dorongan, timbal, mengawasi","監督【かんとく】pengawasan, kontrol, arah, direktur, pengawas, ...","督促【とくそく】dorongan, permintaan, kegigihan",舞台監督【ぶたいかんとく】sutradara panggung,https://kanjikana.com/id/kanji/督?jlpt=1,534
奪,うば.う,ダツ,"merampok, mengambil dengan paksa, merebut, mengusir, jarah","略奪【りゃくだつ】jarah, jarahan, penjarahan, perampokan","奪う【うばう】merebut, mengusir, mencuri",奪三振【だつさんしん】memukul habis pemukul,https://kanjikana.com/id/kanji/奪?jlpt=1,974
志,"シリング, こころざ.す, こころざし",シ,"niat, rencana, menyelesaikan, berhasrat, motif, harapan, syiling","志【こころざし】akan, resolusi, niat, ambisi, tujuan, ...","志す【こころざす】merencanakan, berniat, bermimpi untuk, menetapkan tujuan","志望【しぼう】keinginan, ambisi, pilihan",https://kanjikana.com/id/kanji/志?jlpt=1,823
健,すこ.やか,ケン,"sehat, kesehatan, kekuatan, ketekunan","健やか【すこやか】bersemangat, sehat, suara","保健【ほけん】pelestarian kesehatan, kebersihan, sanitasi, pendidikan kesehatan","健康【けんこう】kesehatan, sehat, suara",https://kanjikana.com/id/kanji/健?jlpt=1,572
挙,"あ.げる, あ.がる, こぞ.る",キョ,"mengangkat, rencana, proyek, perilaku, tindakan",選挙【せんきょ】pemilihan,総選挙【そうせんきょ】pemilihan umum (dewan perwakilan rakyat),"小選挙区【しょうせんきょく】dapil kecil, dapil satu anggota",https://kanjikana.com/id/kanji/挙?jlpt=1,257
射,"い.る, さ.す, う.つ",シャ,"menembak, bersinar ke dalam, ke, panahan",放射能【ほうしゃのう】radioaktivitas,"反射【はんしゃ】refleksi, gema, refleks","発射【はっしゃ】peluncuran (khususnya roket atau misil), peluncuran, penembakan, pembebasan, katapel, ...",https://kanjikana.com/id/kanji/射?jlpt=1,937
携,"たずさ.える, たずさ.わる",ケイ,"portabel, membawa (di tangan), bersenjata dengan, ajak","携帯【けいたい】membawa (pada diri seseorang atau di tangan), ponsel","提携【ていけい】kerjasama, ikatan, usaha bersama, kemitraan, alianza, ...","携わる【たずさわる】terlibat dalam, ikut serta dalam",https://kanjikana.com/id/kanji/携?jlpt=1,1017
避,"さ.ける, よ.ける",ヒ,"menghindari, hindari, mencegah, menangkis, kesyirikan","避難【ひなん】mengambil perlindungan, mencari tempat berlindung, evakuasi, melarikan diri, mencari tempat aman","避ける【さける】menghindari (kontak fisik dengan), menghindari (situasi), mengusir, menghindari, menyisihkan, ...","避難民【ひなんみん】pengungsi, orang-orang yang terlantar",https://kanjikana.com/id/kanji/避?jlpt=1,756
宙,,チュウ,"di udara, udara, ruang angkasa, langit, menghafal, selang waktu","宙返り【ちゅうがえり】salto, melakukan looping","宇宙【うちゅう】alam semesta, kosmos, ruang angkasa","宙【ちゅう】ruang angkasa, udara, dari ingatan, dengan hafalan",https://kanjikana.com/id/kanji/宙?jlpt=1,1005
厳,"おごそ.か, きび.しい, いか.めしい, いつくし","ゲン, ゴン","tegas, ketat, keparahan, kekakuan","厳か【おごそか】khidmat, sederhana, kuburan, megah, terhormat, ...","厳重【げんじゅう】ketat, parah, kaku, teguh, kuat, ...","厳しい【きびしい】parah, ketat, kaku, tak kenal ampun, tak kenal lelah, ...",https://kanjikana.com/id/kanji/厳?jlpt=1,638
博,,"ハク, バク","Dr., perintah, penghargaan, mendapatkan pujian, doktor, pameran, adil","博士【はかせ】ahli, orang terpelajar, dokter, doktor, dr., ...",博物館【はくぶつかん】museum,"博士【はくし】dokter, PhD, Dr.",https://kanjikana.com/id/kanji/博?jlpt=1,794
幕,とばり,"マク, バク","tirai, hamil, tindakan bermain","幕【まく】tirai, berakting (dalam sebuah drama), jatuhnya tirai, akhir (dari sebuah adegan), akhir, ...",日本語字幕【にほんごじまく】Subtitel Jepang,"開幕【かいまく】membuka tirai, pembukaan, mulai, awal",https://kanjikana.com/id/kanji/幕?jlpt=1,835
施,ほどこ.す,"シ, セ","beri, memberikan, melakukan, sedekah","施設【しせつ】lembaga, pembentukan, fasilitas, panti","施行【しこう】memberlakukan (sebuah undang-undang), memulai operasi, menerapkan, penegakan, melaksanakan (rencana, kebijakan, dll.), ...","施す【ほどこす】memberikan, memberi sumbangan, melakukan, mengaplikasikan, menambahkan (misalnya ornamen, anotasi), ...",https://kanjikana.com/id/kanji/施?jlpt=1,323
企,"くわだ.てる, たくら.む",キ,"melakukan, skema, desain, upaya, rencana","企画【きかく】perencanaan, rencana, proyek, pengaturan","企業【きぎょう】perusahaan, bisnis",中小企業【ちゅうしょうきぎょう】usaha kecil dan menengah,https://kanjikana.com/id/kanji/企?jlpt=1,278
逮,,タイ,"tangkap, memburu","逮捕【たいほ】penangkapan, kekhawatiran, tangkap",,,https://kanjikana.com/id/kanji/逮?jlpt=1,766
訳,わけ,ヤク,"menerjemahkan, alasan, keadaan, kasus","言い訳【いいわけ】alasan, penjelasan","内訳【うちわけ】perincian (biaya), barang-barang, kerusakan, klasifikasi","訳す【やくす】menerjemahkan, menafsirkan",https://kanjikana.com/id/kanji/訳?jlpt=1,1050
江,え,コウ,"sungai kecil, inlet, teluk","江【え】inlet, teluk","江【こう】sungai besar (terutama Sungai Yangtze), Danau Biwa",堀江【ほりえ】kanal,https://kanjikana.com/id/kanji/江?jlpt=1,704
抗,あらが.う,コウ,"menghadapi, melawan, mendefi","抗議【こうぎ】protes, keberatan","対抗【たいこう】oposisi, persaingan, kompetisi, antagonisme","抗争【こうそう】persaingan, perseteruan, konflik, perselisihan, perjuangan, ...",https://kanjikana.com/id/kanji/抗?jlpt=1,666
展,,テン,"membuka, mengembangkan","進展【しんてん】kemajuan, pengembangan","展示【てんじ】pameran, tampilan","展開【てんかい】pengembangan, evolusi, kemajuan, terbuka, pemintalan cerita, ...",https://kanjikana.com/id/kanji/展?jlpt=1,352
級,,キュウ,"kelas, peringkat, nilai","同級【どうきゅう】nilai yang sama, kelas yang sama","等級【とうきゅう】nilai, kelas, gelar, peringkat, pesan, ...","階級【かいきゅう】kelas sosial, peringkat, nilai",https://kanjikana.com/id/kanji/級?jlpt=1,785
聴,"き.く, ゆる.す","チョウ, テイ","mendengarkan, tegas, nakal, penyelidikan yang hati-hati",聴覚【ちょうかく】indera pendengaran,"聴講【ちょうこう】kehadiran kuliah, audit",聴診器【ちょうしんき】stetoskop,https://kanjikana.com/id/kanji/聴?jlpt=1,781
尾,お,ビ,"ekor, akhir, penghitung ikan, lereng bawah gunung","尾【お】ekor, ujung belakang, ekor (dari sebuah komet), lereng di kaki gunung","尻尾【しっぽ】ekor, bagian akhir, tip",尾根【おね】punggungan gunung,https://kanjikana.com/id/kanji/尾?jlpt=1,875
標,"しるべ, しるし",ヒョウ,"tanda petunjuk, segel, tanda, cap, cetakan, simbol, lambang, merek dagang, bukti, cenderamata, sasaran","標語【ひょうご】moto, slogan, kata kunci","標準【ひょうじゅん】standar, tingkat, norma","標本【ひょうほん】contoh, spesimen",https://kanjikana.com/id/kanji/標?jlpt=1,686
奴,"やつ, やっこ",ド,"pria, budak, pelayan pria, teman","奴【やっこ】pelayan (terutama pendamping samurai), pria kesatria (periode Edo), tahu dadu (sering disajikan dingin), layang-layang berbentuk seperti pelayan periode Edo, Chonmage, ...","奴【やつ】teman, pria, bab, benda, obyek, ...","奴【め】sialan, bajingan, rendah hati",https://kanjikana.com/id/kanji/奴?jlpt=1,1932
継,"つ.ぐ, まま-",ケイ,"warisi, berhasil, lanjutkan, tambalan, mencangkok","継ぐ【つぐ】menggantikan, mewarisi, mengambil alih, mengikuti, menambal (pakaian), ...","跡継ぎ【あとつぎ】ahli waris, penerus","継ぎ目【つぎめ】sendi, jahitan, titik gabung",https://kanjikana.com/id/kanji/継?jlpt=1,743
剣,つるぎ,ケン,"pedang sabre, pedang, bilah, jarum jam","真剣【しんけん】serius, pedang asli (dibandingkan dengan senjata latihan kayu)","剣【けん】pedang besar dwisisi, bilah, bayonet, kemahiran pedang, sengat, ...","剣道【けんどう】kendo, seni bela diri jepang yang menggunakan pedang bambu",https://kanjikana.com/id/kanji/剣?jlpt=1,1305
障,さわ.る,ショウ,"menghalangi, sakit, kerugian","障る【さわる】merugikan, menghalangi, mengganggu",障子【しょうじ】shoji (pintu geser kertas),"障害【しょうがい】rintangan, hambatan, penghalang, kesulitan, gangguan, ...",https://kanjikana.com/id/kanji/障?jlpt=1,742
皇,,"コウ, オウ",kaisar,"皇居【こうきょ】istana kekaisaran (jepang), kediaman kekaisaran",天皇【てんのう】kaisar jepang,皇帝【こうてい】kaisar,https://kanjikana.com/id/kanji/皇?jlpt=1,721
票,,ヒョウ,"surat suara, label, tiket, tanda","票【ひょう】memilih, surat suara, label, tiket, batang","投票【とうひょう】pemungutan suara, surat suara, jajak pendapat, memilih",国民投票【こくみんとうひょう】referendum nasional,https://kanjikana.com/id/kanji/票?jlpt=1,489
騒,"さわ.ぐ, うれい, さわ.がしい",ソウ,"riuh, membuat kebisingan, keributan, mengganggu, menggairahkan","騒動【そうどう】perselisihan, kerusuhan, pemberontakan, kekacauan, kegaduhan media, ...","騒々しい【そうぞうしい】berisik, keras, riuh, bergolak, tidak menentu, ...","騒がしい【さわがしい】berisik, riuh, bergejolak, bemas",https://kanjikana.com/id/kanji/騒?jlpt=1,1069
善,"よ.い, い.い, よ.く, よし.とする",ゼン,"berbudi baik, baik, kebaikan","親善【しんぜん】persahabatan, niat baik, hubungan yang ramah","善良【ぜんりょう】baik, berbudi baik, berbudi luhur, jujur","改善【かいぜん】peningkatan, perbaikan, kaizen (filosofi bisnis Jepang tentang peningkatan berkelanjutan)",https://kanjikana.com/id/kanji/善?jlpt=1,765
盛,"も.る, さか.る, さか.ん","セイ, ジョウ","ledakan, makmur, kawin","盛り上がる【もりあがる】membengkak, naik, ditumpuk, membangkitkan, bersemangat",全盛【ぜんせい】tinggi kemakmuran,"目盛り【めもり】pembagian (pada penggaris, termometer, dll.), divisi, skala",https://kanjikana.com/id/kanji/盛?jlpt=1,712
描,"えが.く, か.く",ビョウ,"sketsa, mengarang, tulis, menggambar, cat","描写【びょうしゃ】penggambaran, deskripsi","描く【えがく】menggambar, melukis, menggambar sketsa, menggambarkan, mendeskripsikan, ...","素描【そびょう】menggambar, sketsa, garis besar, ringkasan, sinopsis",https://kanjikana.com/id/kanji/描?jlpt=1,876
麻,あさ,"マ, マア","rami, mati rasa","麻【あさ】ganja (Cannabis sativa), rami (tanaman), rami (serat), linen, rami, ...","麻痺【まひ】kelumpuhan, mati rasa, kebingungan",麻酔【ますい】anestesi,https://kanjikana.com/id/kanji/麻?jlpt=1,1142
筋,すじ,キン,"otot, urat, tendon, serat, alur, rencana, keturunan","大筋【おおすじ】garis besar, ringkasan, inti, poin dasar","一筋【ひとすじ】satu baris, satu ruas (misalnya jalan), sehelai (misalnya, rambut), satu sinar, satu panjang (mis. tali), ...","粗筋【あらすじ】garis besar, ringkasan, argumen",https://kanjikana.com/id/kanji/筋?jlpt=1,744
襲,"おそ.う, かさ.ね",シュウ,"serangan, majukan, berhasil untuk, tumpukan","襲う【おそう】menyerang, melakukan serangan, memukul, memburu, menggantikan, ...","襲撃【しゅうげき】serangan mendadak, serangan, serbuan, tuduhan",空襲【くうしゅう】serangan udara,https://kanjikana.com/id/kanji/襲?jlpt=1,1130
系,,ケイ,"garis keturunan, sistem","系【けい】sistem, garis keturunan, kelompok, akibat, sistem (rentang lapisan yang sesuai dengan periode waktu tertentu), ...","体系【たいけい】sistem, organisasi, arsitektur","系統【けいとう】sistem, garis keturunan, keturunan, kelompok (misalnya, warna), keluarga (misalnya, bahasa), ...",https://kanjikana.com/id/kanji/系?jlpt=1,567
恵,"めぐ.む, めぐ.み","ケイ, エ","kebaikan, berkat, anugerah","恵み【めぐみ】berkat, anugerah","恩恵【おんけい】anugerah, bantuan, kebaikan, berkat, manfaat","恵まれる【めぐまれる】dianugerahi, menjadi kaya dalam, berlimpah dalam",https://kanjikana.com/id/kanji/恵?jlpt=1,925
鈴,すず,"レイ, リン","lonceng kecil, penggerak",鈴【すず】lonceng (sering berbentuk bulat),風鈴【ふうりん】lonceng angin,,https://kanjikana.com/id/kanji/鈴?jlpt=1,880
樹,き,ジュ,"kayu, pohon-pohon, mendirikan","樹立【じゅりつ】pembentukan, pendirian, mencatat rekor","樹木【じゅもく】pohon, pohon dan semak",大樹【たいじゅ】pohon besar,https://kanjikana.com/id/kanji/樹?jlpt=1,988
操,"みさお, あやつ.る","ソウ, サン","manuver, memanipulasi, beroperasi, mengemudikan, kesucian, kesetiaan","操る【あやつる】mengoperasikan (misalnya sebuah mesin), mengatasi, mengelola, mengendalikan, bermanuver, ...","操縦【そうじゅう】kemudi, menerbangkan pesawat, terbang, kontrol, operasi, ...","体操【たいそう】senam, latihan fisik, senam artistik, kompetisi senam, pendidikan jasmani, ...",https://kanjikana.com/id/kanji/操?jlpt=1,1016
壁,かべ,ヘキ,"dinding, lapisan (lambung), pagar","壁【かべ】dinding, partisi, penghalang, rintangan, konstelasi ""tembok"" tiongkok (salah satu dari 28 istana)","障壁【しょうへき】dinding pembatas, pagar pembatas, rintangan, penghalang","壁画【へきが】fresko, mural, lukisan dinding",https://kanjikana.com/id/kanji/壁?jlpt=1,1037
創,"つく.る, はじ.める, きず, けず.しける","ソウ, ショウ","kejadian, luka, cedera, sakit, mulai, berasal","創立【そうりつ】pembentukan, pendirian, organisasi","創刊【そうかん】pendirian, memulai, peluncuran, publikasi pertama",独創【どくそう】keaslian,https://kanjikana.com/id/kanji/創?jlpt=1,741
鮮,あざ.やか,セン,"segar, jelas, cemerlang, korea","鮮やか【あざやか】jelas, cerah, cemerlang, segar, bersemangat, ...",新鮮【しんせん】segar,北朝鮮【きたちょうせん】Korea Utara,https://kanjikana.com/id/kanji/鮮?jlpt=1,355
矢,や,シ,panah,"矢【や】panah, baji, penahan","矢印【やじるし】panah, ketertarikan (romantis) (terhadap seseorang tertentu), arah","矢先【やさき】mata panah, sasaran anak panah yang terbang, beban (serangan), saat itu juga (ketika), tujuan",https://kanjikana.com/id/kanji/矢?jlpt=1,1294
紀,,キ,"kronik, akun, narasi, sejarah, analis, periode geologi","世紀【せいき】abad, zaman",二十世紀【にじっせいき】abad kedua puluh,"世紀末【せいきまつ】akhir abad (khususnya abad ke-19), akhir abad, akhir dunia, kiamat",https://kanjikana.com/id/kanji/紀?jlpt=1,780
染,"そ.める, そ.まる, し.みる, し.み",セン,"pewarna, warna, cat, noda, cetak","感染【かんせん】infeksi, penularan, menjadi terinfeksi, terinfeksi (misalnya dengan ide-ide berbahaya), dipengaruhi (oleh)","染みる【しみる】menusuk, menembus, merendam dalam, pintar, menyentak, ...",染める【そめる】mewarnai,https://kanjikana.com/id/kanji/染?jlpt=1,837
邪,よこし.ま,ジャ,"jahat, ketidakadilan, salah","無邪気【むじゃき】tidak bersalah, berpikiran sederhana","邪魔【じゃま】hambatan, rintangan, gangguan, mengunjungi, setan yang menghalangi pelatihan Buddha, ...","風邪【かぜ】pilek, influenza, flu, demam, penyakit pernapasan inflamasi (secara umum)",https://kanjikana.com/id/kanji/邪?jlpt=1,1612
誕,,タン,"kelahiran, dilahirkan, deklinasi, berbohong, bersifat sewenang-wenang","誕生【たんじょう】kelahiran, penciptaan, formasi",誕生日【たんじょうび】ulang tahun,生誕【せいたん】kelahiran,https://kanjikana.com/id/kanji/誕?jlpt=1,1024
輩,"-ばら, やから, やかい, ともがら",ハイ,"kawan, teman, orang, teman-teman","後輩【こうはい】junior, orang muda, siswa muda","先輩【せんぱい】senior, unggul, tua, lulusan yang lebih tua, leluhur, ...","輩出【はいしゅつ】menghasilkan (orang) dalam jumlah besar, muncul satu demi satu",https://kanjikana.com/id/kanji/輩?jlpt=1,1365
歓,よろこ.ぶ,カン,"kesenangan, kegembiraan","歓声【かんせい】bersorak, teriakan kegembiraan","歓迎【かんげい】selamat datang, resepsi","歓喜【かんき】kegembiraan, kegembiraan besar",https://kanjikana.com/id/kanji/歓?jlpt=1,1065
踏,"ふ.む, ふ.まえる",トウ,"langkah, menginjak, melaksanakan, menilai, menghindari pembayaran","踏まえる【ふまえる】berdasarkan, mempertimbangkan, membangun di atas, berasal dari, berpijak teguh pada, ...","踏切【ふみきり】perlintasan kereta api, perlintasan kereta, perlintasan sebidang, garis start, garukan, ...","踏む【ふむ】menginjak, menginjak-injak, menginjakkan kaki di (misalnya, tanah asing), berdiri di atas, mengunjungi, ...",https://kanjikana.com/id/kanji/踏?jlpt=1,723
瞬,"またた.く, まじろ.ぐ",シュン,"kedip, kedipan, berkedip","瞬間【しゅんかん】momen, kedua, segera","一瞬【いっしゅん】seketika, momen, sejenak","瞬時【しゅんじ】segera, momen, (memisahkan) detik, dalam sekejap, sekejap mata",https://kanjikana.com/id/kanji/瞬?jlpt=1,1265
症,,ショウ,"gejala, penyakit","症状【しょうじょう】gejala, kondisi (pasien)","後遺症【こういしょう】gejala prognostik, efek samping, sekuela",症候群【しょうこうぐん】sindrom,https://kanjikana.com/id/kanji/症?jlpt=1,1111
挑,いど.む,チョウ,"tantangan, bersaing untuk, bercinta dengan","挑戦【ちょうせん】tantangan, pemberontakan, berani, upaya, coba","挑む【いどむ】menantang, melempar sarung tangan, bersaing untuk, mengatasi, mencoba, ...","挑発的【ちょうはつてき】provokatif, pembakar, inflamasi, sugestif, cabul, ...",https://kanjikana.com/id/kanji/挑?jlpt=1,989
竜,"たつ, いせ","リュウ, リョウ, ロウ","naga, imperium","竜【りゅう】naga (terutama naga Cina), naga, kimera manusia-kobra semi-divine dalam mitologi Hindu dan Buddha, bidak benteng yang dipromosikan",恐竜【きょうりゅう】dinosaurus,"竜王【りゅうおう】raja naga, bidak benteng yang dipromosikan",https://kanjikana.com/id/kanji/竜?jlpt=1,1195
浜,はま,ヒン,"pesisir laut, pantai, pantai laut","浜辺【はまべ】pantai, pesisir","浜【はま】pantai, bidak yang tertangkap, batu yang tertangkap, Yokohama, tepi sungai",砂浜【すなはま】pantai berpasir,https://kanjikana.com/id/kanji/浜?jlpt=1,645
迫,せま.る,ハク,"dorongan, kekuatan, segera, mendorong","脅迫【きょうはく】ancaman, pemaksaan, pemerasan","迫害【はくがい】penganiayaan, penindasan","迫る【せまる】mendekati, mendekat, akan segera terjadi, memaksa (seseorang untuk sesuatu), mendesak, ...",https://kanjikana.com/id/kanji/迫?jlpt=1,773
環,わ,カン,"cincin, lingkaran, tautan, roda","循環【じゅんかん】peredaran, rotasi, siklus, lingkaran","環境【かんきょう】lingkungan, keadaan",環境庁【かんきょうちょう】badan lingkungan,https://kanjikana.com/id/kanji/環?jlpt=1,409
滅,"ほろ.びる, ほろ.ぶ, ほろ.ぼす",メツ,"hancurkan, reruntuhan, menggulingkan, binasa","全滅【ぜんめつ】penghancuran, kehancuran total, kekalahan telak","滅ぼす【ほろぼす】menghancurkan, menggulingkan, merusak","滅びる【ほろびる】rusak, berada di bawah, jatuh, untuk dihancurkan, punah, ...",https://kanjikana.com/id/kanji/滅?jlpt=1,1222
儀,,ギ,"upacara, aturan, urusan, kasus, suatu masalah","儀式【ぎしき】upacara, ritual, layanan","お辞儀【おじぎ】busur, membungkuk","余儀なく【よぎなく】tidak terhindarkan, secara wajib, pasti",https://kanjikana.com/id/kanji/儀?jlpt=1,739
源,みなもと,ゲン,"sumber, asal","源【みなもと】sumber (sungai), sumber, asal, akar","電源【でんげん】sumber listrik, tenaga listrik, daya","財源【ざいげん】sumber dana, sumber daya, keuangan",https://kanjikana.com/id/kanji/源?jlpt=1,738
養,やしな.う,"ヨウ, リョウ","membina, membesarkan, belakang, mengembangkan, mendidik","保養【ほよう】pelestarian kesehatan, pemulihan, rekreasi","扶養【ふよう】dukungan (misalnya untuk orang yang ditanggung), pemeliharaan","養う【やしなう】mendukung, memelihara, menyediakan untuk, membesarkan, mengangkat, ...",https://kanjikana.com/id/kanji/養?jlpt=1,888
納,"おさ.める, -おさ.める, おさ.まる","ノウ, ナッ, ナ, ナン, トウ","permukiman, memperoleh, menuai, membayar, pasokan, toko","納入【のうにゅう】pembayaran (pajak, biaya, dll.), pasokan (barang), pengiriman","納得【なっとく】persetujuan, perjanjian, penerimaan, pemahaman, kepuasan (misalnya dengan penjelasan), ...",納税【のうぜい】pembayaran pajak,https://kanjikana.com/id/kanji/納?jlpt=1,987
端,"はし, は, はた, -ばた, はな",タン,"tepi, asal, akhir, titik, perbatasan, cape","半端【はんぱ】sisa, fragmen, set tidak lengkap, ketidaklengkapan, pecahan, ...","先端【せんたん】ujung runcing, tip, titik, ujung, puncak (dari sebuah kurva), ...","端【はし】ujung, uang tip, titik, tepi, margin, ...",https://kanjikana.com/id/kanji/端?jlpt=1,960
艦,,カン,kapal perang,軍艦【ぐんかん】kapal perang,艦長【かんちょう】kapten (dari kapal perang),"艦隊【かんたい】armada laut, armada",https://kanjikana.com/id/kanji/艦?jlpt=1,1363
渉,わた.る,ショウ,"ford, pergi melintas, transit, feri, impor, melibatkan","交渉【こうしょう】negosiasi, tawar-menawar, diskusi, pembicaraan, koneksi, ...","渉外【しょうがい】hubungan masyarakat, penghubung klien, hubungan klien",団体交渉【だんたいこうしょう】tawar-menawar kolektif,https://kanjikana.com/id/kanji/渉?jlpt=1,499
妙,たえ,"ミョウ, ビョウ","luar biasa, aneh, misteri, keajaiban, halus, menawan","奇妙【きみょう】aneh, penasaran","微妙【びみょう】halus, baik, sulit, kompleks, rumit, ...","妙【みょう】aneh, penasaran, keajaiban, misteri, keunggulan, ...",https://kanjikana.com/id/kanji/妙?jlpt=1,1122
霊,たま,"レイ, リョウ","roh, jiwa","幽霊【ゆうれい】hantu, spektra, penampakan","霊【れい】jiwa, semangat, jiwa yang telah pergi, hantu","霊【りょう】roh pendendam, hantu pendendam",https://kanjikana.com/id/kanji/霊?jlpt=1,1458
契,ちぎ.る,ケイ,janji,"契機【けいき】kesempatan, pemicu, penyebab","契約【けいやく】kontrak, kompak, perjanjian","契約書【けいやくしょ】kontrak tertulis, persetujuan",https://kanjikana.com/id/kanji/契?jlpt=1,898
請,"こ.う, う.ける","セイ, シン, ショウ","minta, mengundang, tanya","要請【ようせい】banding, meminta sesuatu, permintaan, klaim, aksioma","申請【しんせい】aplikasi, permintaan, petisi","請求【せいきゅう】klaim, permintaan, biaya, aplikasi, penagihan (untuk layanan)",https://kanjikana.com/id/kanji/請?jlpt=1,524
怪,"あや.しい, あや.しむ","カイ, ケ","mencurigakan, misteri, penampakan",怪獣【かいじゅう】monster,"怪しい【あやしい】mencurigakan, meragukan, teduh, ragu, tidak yakin, ...","妖怪【ようかい】hantu, penampakan, iblis, monster, goblin, ...",https://kanjikana.com/id/kanji/怪?jlpt=1,1634
為,"ため, な.る, な.す, す.る, たり, つく.る, なり",イ,"melakukan, ubah, membuat, manfaat, kesejahteraan, berguna, mencapai ke, coba, latihan, biaya, berfungsi sebagai, baik, keuntungan, sebagai akibat dari","行為【こうい】bertindak, perbuatan, kelakuan","為替【かわせ】giro, draf, pertukaran (misalnya asing)","為【ため】baik, keuntungan, manfaat, kesejahteraan, arak beras, ...",https://kanjikana.com/id/kanji/為?jlpt=1,831
殴,なぐ.る,オウ,"serangan, pukul, mengalahkan, menghajar","殴る【なぐる】memukul, mengalahkan","殴打【おうだ】pukulan, tiup",殴り合い【なぐりあい】perkelahian tangan kosong,https://kanjikana.com/id/kanji/殴?jlpt=1,1622
懸,"か.ける, か.かる","ケン, ケ","keadaan penangguhan, gantung, bergantung, konsultasi, jauh, berjauhan","懸賞【けんしょう】menawarkan hadiah, kompetisi hadiah, hadiah","一生懸命【いっしょうけんめい】sangat keras, dengan upaya maksimal, sekeras mungkin, dengan sekuat tenaga, demi nyawa, ...","懸命【けんめい】semangat, serius, melelahkan, penuh semangat, rajin, ...",https://kanjikana.com/id/kanji/懸?jlpt=1,889
推,お.す,スイ,"dugaan, menyimpulkan, tebak, andaikan, dukungan, mendorong","推進【すいしん】propulsi, mengemudi, promosi, pemajuan, kemajuan, ...","類推【るいすい】analogi, penalaran analogi, inferensi analogis","推測【すいそく】tebak, dugaan",https://kanjikana.com/id/kanji/推?jlpt=1,507
診,み.る,シン,"pemeriksaan kesehatan, melihat, mendiagnosis, memeriksa","診療【しんりょう】diagnosis dan pengobatan, perawatan medis",聴診器【ちょうしんき】stetoskop,診る【みる】memeriksa (secara medis),https://kanjikana.com/id/kanji/診?jlpt=1,1019
脅,"おびや.かす, おど.す, おど.かす",キョウ,"mengancam, memaksa","脅迫【きょうはく】ancaman, pemaksaan, pemerasan","脅かす【おどかす】mengancam, mengintimidasi, mengagetkan, menakutkan","脅す【おどす】mengancam, menakut-nakuti (agar melakukan)",https://kanjikana.com/id/kanji/脅?jlpt=1,1183
模,,"モ, ボ","imitasi, salin, tiruan","模索【もさく】mencari-cari, mencari (jawaban, solusi, dll.), mencoba untuk menemukan","模範【もはん】contoh, model, pola","模倣【もほう】imitasi, menyalin",https://kanjikana.com/id/kanji/模?jlpt=1,668
及,"およ.ぶ, およ.び, および, およ.ぼす",キュウ,"menghubungi, mengerahkan, latihan, penyebab","及ぶ【およぶ】mencapai, berjumlah, menimpa, terjadi pada, memperpanjang, ...","追及【ついきゅう】penyelidikan, mempertanyakan, menekan, mengganggu, menetapkan, ...","及び【および】dan, serta",https://kanjikana.com/id/kanji/及?jlpt=1,544
討,う.つ,トウ,"mencela, serangan, kekalahan, hancurkan, taklukkan","討議【とうぎ】debat, diskusi","討論【とうろん】debat, diskusi","検討【けんとう】pertimbangan, pemeriksaan, penyelidikan, belajar, pengawasan, ...",https://kanjikana.com/id/kanji/討?jlpt=1,528
遣,"つか.う, -つか.い, -づか.い, つか.わす, や.る",ケン,"pengiriman, kirim, berikan, mendonasi, melakukan","無駄遣い【むだづかい】pemborosan (uang, waktu, dll.), membuang-buang","小遣い【こづかい】uang saku, menghabiskan uang, tunjangan",先遣【せんけん】mengirim terlebih dahulu,https://kanjikana.com/id/kanji/遣?jlpt=1,664
握,にぎ.る,アク,"cengkeraman, tahan, cetakan sushi, suap","把握【はあく】pemahaman, mengerti, memegang (dengan tangan), pegang, cengkeraman, ...","握る【にぎる】menggenggam, menahan (jawaban), memiliki (misalnya, solusi), menjadi kunci, menjadi alasan, ...","握手【あくしゅ】jabat tangan, rekonsiliasi, bergandengan tangan, kerja sama",https://kanjikana.com/id/kanji/握?jlpt=1,1003
隣,"とな.る, となり",リン,tetangga,"隣【となり】di sebelah, bersebelahan, berdekatan, rumah sebelah, rumah tetangga, ...","近隣【きんりん】lingkungan, lingkungan, sekitar",隣国【りんごく】negara tetangga,https://kanjikana.com/id/kanji/隣?jlpt=1,1083
康,,コウ,"kemudahan, kedamaian","健康【けんこう】kesehatan, sehat, suara",健康保険【けんこうほけん】asuransi kesehatan,健康食品【けんこうしょくひん】makanan sehat,https://kanjikana.com/id/kanji/康?jlpt=1,760
載,"の.せる, の.る",サイ,"mengendarai, papan, naik, tempat, menyebar, 10 pangkat 44, rekaman, menerbitkan","記載【きさい】sebutkan (dalam dokumen), rekaman, entri, pernyataan, daftar","載る【のる】untuk ditempatkan di, ditetapkan pada, ditumpuk, untuk dimuat pada, terbit, ...","積載【せきさい】memuat, membawa",https://kanjikana.com/id/kanji/載?jlpt=1,825
憶,,オク,"kenangan, berpikir, ingat","記憶【きおく】ingatan, kenangan, penyimpanan","憶測【おくそく】tebak, spekulasi, dugaan",追憶【ついおく】kenangan,https://kanjikana.com/id/kanji/憶?jlpt=1,1324
至,いた.る,シ,"klimaks, tiba, melanjutkan, mencapai, menghasilkan","至って【いたって】sangat banyak, sangat","至急【しきゅう】mendesak, menekan, segera, petunjuk, mengekspresikan, ...","至る【いたる】sampai pada (mis. keputusan), mencapai (tahap), mencapai, menuju ke, untuk sampai ke, ...",https://kanjikana.com/id/kanji/至?jlpt=1,996
房,ふさ,ボウ,"rumbai, gumpalan, pinggiran, kelompok, gumpalan rambut, segmen (jeruk), rumah, kamar","女房【にょうぼう】istri, wanita istana, pegawai pengadilan wanita, wanita yang melayani di istana kekaisaran, wanita (terutama sebagai kekasih)",文房具【ぶんぼうぐ】alat tulis,"冷房【れいぼう】pendingin udara, pendinginan udara",https://kanjikana.com/id/kanji/房?jlpt=1,808
執,と.る,"シツ, シュウ","cekatan, mengambil alih, menggenggam, mengambil hati","執着【しゅうちゃく】lampiran, adhesi, kegigihan, ketekunan, perbaikan, ...","執筆【しっぴつ】menulis, pengarangan","執行部【しっこうぶ】eksekutif, administrasi, kepemimpinan",https://kanjikana.com/id/kanji/執?jlpt=1,800
秀,ひい.でる,シュウ,"excel, keunggulan, kecantikan, melampaui","優秀【ゆうしゅう】unggul, luar biasa, cemerlang",秀作【しゅうさく】pekerjaan yang sangat baik,"秀逸【しゅういつ】luar biasa, berkualitas tinggi",https://kanjikana.com/id/kanji/秀?jlpt=1,848
慢,,マン,"cemoohan, kemalasan","怠慢【たいまん】kelalaian, mengabaikan, penundaan","我慢【がまん】ketahanan, kesabaran, ketekunan, membawa (dengan sesuatu), pengendalian diri","自慢【じまん】kebanggaan, membanggakan",https://kanjikana.com/id/kanji/慢?jlpt=1,1368
華,はな,"カ, ケ","kemegahan, bunga, kelopak, bersinar, kilap, mencolok, menjolok mata, homoseksual, cantik","華々しい【はなばなしい】cemerlang, luar biasa, mengagumkan, spektakuler","華美【かび】kemegahan, kecantikan, pompa, kesombongan, keserabutan, ...","華やか【はなやか】cerah dan indah, cantik, mencolok, cemerlang, luar biasa, ...",https://kanjikana.com/id/kanji/華?jlpt=1,1085
徳,,トク,"kemurahan hati, kebajikan, kebaikan, menggugah rasa hormat",道徳【どうとく】moral,"悪徳【あくとく】wakil, ketidakmoralan, korupsi","道徳的【どうとくてき】etis, moral",https://kanjikana.com/id/kanji/徳?jlpt=1,1091
扱,"あつか.い, あつか.う, あつか.る, こ.く","ソウ, キュウ","mengatasi, menghibur, ambang, pita","扱い【あつかい】perawatan, pelayanan, berurusan (dengan), penanganan, manajemen, ...","取り扱い【とりあつかい】perawatan, layanan, penanganan, manajemen","取り扱う【とりあつかう】mengatasi, mengoperasikan (mesin, dll.), menggunakan, mengatasi (masalah), mengelola, ...",https://kanjikana.com/id/kanji/扱?jlpt=1,1057
択,えら.ぶ,タク,"pilih, memilih, lebih suka","採択【さいたく】adopsi, pilihan","選択【せんたく】pilihan, seleksi","選択肢【せんたくし】pilihan, alternatif",https://kanjikana.com/id/kanji/択?jlpt=1,847
衝,つ.く,ショウ,"bertabrakan, beban, jalan raya, oposisi (astronomi), dorongan, menusuk","衝撃【しょうげき】dampak, kejutan, dorongan, syok psikologis","衝突【しょうとつ】tabrakan, kecelakaan, dampak, berlari ke, bentrokan, ...",折衝【せっしょう】negosiasi,https://kanjikana.com/id/kanji/衝?jlpt=1,972
衆,おお.い,"シュウ, シュ","massa, angka yang besar, multitud, populasi",衆議院【しゅうぎいん】dewan perwakilan rakyat (majelis rendah dari parlemen nasional jepang),"観衆【かんしゅう】penonton, anggota-anggota audiens","衆【しゅう】jumlah besar (orang), superioritas numerik, massa, orang, rakyat, ...",https://kanjikana.com/id/kanji/衆?jlpt=1,450
偽,"いつわ.る, にせ, いつわ.り","ギ, カ","kebohongan, berbohong, menipu, berpura-pura, palsu, pemalsuan","偽造【ぎぞう】pemalsuan, pembuatan","偽物【にせもの】artikel palsu, pemalsuan, palsu, imitasi, penipuan","偽【にせ】imitasi, palsu, dipalsukan, penipuan, pseudo-",https://kanjikana.com/id/kanji/偽?jlpt=1,1171
幹,みき,カン,"batang pohon, bagian utama, bakat, kemampuan","幹部【かんぶ】manajemen, staf eksekutif, pemimpin, kepemimpinan, petinggi, ...","幹線【かんせん】jalur utama, jalur induk","幹【みき】batang pohon, tangkai panah, gagang alat, tulang punggung, dasar",https://kanjikana.com/id/kanji/幹?jlpt=1,364
鬼,"おに, おに-",キ,"hantu, setan","鬼【おに】ogre, setan, roh orang yang telah meninggal, orang yang seperti raksasa (misalnya, galak, tak kenal ampun, tanpa belas kasihan, dll.), itu, ...","吸血鬼【きゅうけつき】vampir, pengisap darah","疑心暗鬼【ぎしんあんき】kecurigaan akan menimbulkan rasa takut, setelah kamu mencurigai sesuatu, segala hal lain akan terlihat mencurigakan, melompat pada bayangan",https://kanjikana.com/id/kanji/鬼?jlpt=1,1557
崩,"くず.れる, -くず.れ, くず.す",ホウ,"remah, mati, menghancurkan, tingkat","崩壊【ほうかい】runtuh, hancur, rusak, runuh, peluruhan radioaktif, ...",雪崩【なだれ】longsoran salju,"崩れる【くずれる】runuh, menghancurkan, menjadi tidak bugar, kehilangan bentuk, menjadi kacau, ...",https://kanjikana.com/id/kanji/崩?jlpt=1,778
尽,"つ.きる, つ.くす, つ.かす, -づ.く, -ず.く, ことごと.く","ジン, サン","knalpot, habiskan, kehabisan, menguras, berteman, melayani","尽くす【つくす】menghabiskan, menghabiskan tenaga, kehabisan, mengabdikan diri (kepada), berusaha sekuat tenaga, ...","尽きる【つきる】habis digunakan, kehabisan, kelelahan, untuk dikonsumsi, berakhir","理不尽【りふじん】tidak masuk akal, tidak rasional, menghebohkan, absurd",https://kanjikana.com/id/kanji/尽?jlpt=1,1234
悔,"く.いる, く.やむ, くや.しい",カイ,"bertobat, penyesalan","後悔【こうかい】penyesalan, pertobatan","悔やむ【くやむ】berduka, meratapi, menyesal, bertobat","悔しい【くやしい】frustrasi (karena kegagalan, kehinaan, atau ketidakadilan), terganggu, kecewa, sangat kecewa, pahit, ...",https://kanjikana.com/id/kanji/悔?jlpt=1,1460
津,つ,シン,"pelabuhan, feri","津波【つなみ】tsunami, gelombang pasang","興味津々【きょうみしんしん】sangat menarik, memiliki ketertarikan yang besar (terhadap), sangat penasaran","津々浦々【つつうらうら】di seluruh negara, di seluruh negeri, setiap sudut dan celah dari tanah tersebut, jauh dan luas, di setiap pelabuhan",https://kanjikana.com/id/kanji/津?jlpt=1,1036
侵,おか.す,シン,"mencaplok, menginvasi, serbuan, menerobos, melanggar","侵す【おかす】menyerang, menggerebek, melanggar (ruang udara, dll.), mengganggu, melanggar hak, ...","侵略【しんりゃく】invasi (misalnya dari sebuah negara), serbuan, agresi","侵入【しんにゅう】invasi, serbuan, agresi, intrusi, menerobos, ...",https://kanjikana.com/id/kanji/侵?jlpt=1,1025
宣,のたま.う,セン,"mengumumkan, katakan","宣言【せんげん】deklarasi, proklamasi, pengumuman","宣教【せんきょう】misi keagamaan, proklamasi keagamaan","宣伝【せんでん】publisitas, iklan, periklanan, propaganda",https://kanjikana.com/id/kanji/宣?jlpt=1,695
稼,かせ.ぐ,カ,"pendapatan, kerja, menghasilkan uang",共稼ぎ【ともかせぎ】(suami dan istri) mencari nafkah bersama,"稼ぐ【かせぐ】menghasilkan (penghasilan), menghasilkan (uang), mencetak (poin, kemenangan), mendapatkan (waktu), bermain (untuk waktu), ...","出稼ぎ【でかせぎ】bekerja jauh dari rumah (terutama di luar negeri), orang yang bekerja jauh dari rumah, pekerja migran",https://kanjikana.com/id/kanji/稼?jlpt=1,1264
葬,ほうむ.る,ソウ,"penguburan, mengubur, rak","葬る【ほうむる】mengubur, mengganggu, menguburkan, menutupi, meredakan, ...",葬式【そうしき】pemakaman,社葬【しゃそう】pemakaman perusahaan,https://kanjikana.com/id/kanji/葬?jlpt=1,754
奇,"く.しき, あや.しい, くし, めずら.しい",キ,"aneh, keanehan, keingintahuan",奇数【きすう】bilangan ganjil,"奇妙【きみょう】aneh, penasaran",奇跡【きせき】keajaiban,https://kanjikana.com/id/kanji/奇?jlpt=1,1367
株,かぶ,シュ,"saham, tunggul, persediaan, penghitung untuk tanaman kecil",株式【かぶしき】saham,"株【かぶ】persediaan, berbagi, tunggul, gumpalan akar, tanaman dengan akar atau batang yang menempel, ...",株価【かぶか】harga saham,https://kanjikana.com/id/kanji/株?jlpt=1,432
冗,,ジョウ,"berlebihan, ketidakgunaan","冗談【じょうだん】lelucon, cerita lucu",,,https://kanjikana.com/id/kanji/冗?jlpt=1,1782
宗,むね,"シュウ, ソウ","agama, sekte, denominasi, poin utama, asal, esensi","宗教【しゅうきょう】agama, afiliasi agama, keyakinan, iman, kredo, ...","宗【しゅう】sekte, denominasi, ajaran (dari sebuah sekte agama)","宗【そう】asal, sumber, leluhur yang berbudi luhur",https://kanjikana.com/id/kanji/宗?jlpt=1,997
看,み.る,カン,"mengawasi, lihat","看護【かんご】keperawatan, perawat militer","看板【かんばん】papan tanda, tanda, papan reklame, penimbunan, plat pintu, ...",看病【かんびょう】merawat (seorang pasien),https://kanjikana.com/id/kanji/看?jlpt=1,1060
穴,あな,ケツ,"lubang, bukaan, celah, gua, denmark","穴【あな】lubang, pembukaan, perforasi, berongga, rongga, ...","穴【けつ】pantat, belakang, akhir, titik akupunktur, lubang, ...","穴埋め【あなうめ】mengisi lubang, mengisi (untuk celah, kekosongan, dll.), solusi sementara, pengisi (misalnya artikel), menebus (kerugian, kerusakan, dll.), ...",https://kanjikana.com/id/kanji/穴?jlpt=1,1366
就,"つ.く, つ.ける","シュウ, ジュ","mengenai, menetap, mengambil posisi, berangkat, belajar, per","就業【しゅうぎょう】pekerjaan, memulai pekerjaan","就任【しゅうにん】pelantikan, mengambil (jabatan), pemasangan","就職【しゅうしょく】mencari pekerjaan, mendapatkan pekerjaan",https://kanjikana.com/id/kanji/就?jlpt=1,624
節,"ふし, -ぶし, のっと","セツ, セチ","simpul, musim, periode, kesempatan, ayat, klausa, stanza, kehormatan, persendian, buku jari, kenop, melodi","節【せつ】kesempatan, waktu, bagian, lewat, paragraf, ...","調節【ちょうせつ】peraturan, penyesuaian, kontrol","節約【せつやく】menghemat, tabungan",https://kanjikana.com/id/kanji/節?jlpt=1,934
締,"し.まる, し.まり, し.める, -し.め, -じ.め",テイ,"mengencangkan, dasi, tutup, mengunci","取り締まり【とりしまり】kontrol, manajemen, pengawasan","取り締まる【とりしまる】mengelola, mengontrol, mengawasi, memerintah, memberantas, ...","締め切り【しめきり】tenggat waktu, penutupan, batas waktu, akhir, bendungan sementara, ...",https://kanjikana.com/id/kanji/締?jlpt=1,797
詳,"くわ.しい, つまび.らか",ショウ,"terperinci, penuh, menit, akurat, terinformasi baik","詳細【しょうさい】rincian, spesifik, terperinci, menit, tampilan dekat (dari peta digital), ...","詳しい【くわしい】rinci, penuh, menit, mengetahui dengan baik, berpengetahuan (tentang), ...","詳しく【くわしく】secara rinci, sepenuhnya, akhirnya",https://kanjikana.com/id/kanji/詳?jlpt=1,1178
輝,かがや.く,キ,"cemerlang, bersinar, berkilau, kilauan, berkedip","輝く【かがやく】bersinar, berkilau, berkelip, bersinar (dengan kebahagiaan, harapan, dll.), memancarkan","輝かしい【かがやかしい】cemerlang, mulia, berkilauan, terang, menjanjikan","光り輝く【ひかりかがやく】bersinar, berkilau",https://kanjikana.com/id/kanji/輝?jlpt=1,1259
脚,あし,"キャク, キャ, カク","seluncur, kaki, roda pendarat, bagian bawah, dasar","脚色【きゃくしょく】dramatisasi (misalnya dari sebuah novel), dramatisasi, adaptasi (untuk panggung atau layar), penghiasan (fakta), perlebihan, ...","脚本【きゃくほん】naskah, skenario",脚【きゃく】penghitung kursi atau tempat duduk,https://kanjikana.com/id/kanji/脚?jlpt=1,1228
拒,こば.む,"キョ, ゴ","tolak, menolak, penurunan","拒否【きょひ】penolakan, veto",拒絶【きょぜつ】penolakan,"拒む【こばむ】menolak, mencegah (dari melakukan), menolak (misalnya akses), memblokir",https://kanjikana.com/id/kanji/拒?jlpt=1,863
慮,"おもんぱく.る, おもんぱか.る",リョ,"kehati-hatian, pikiran, kekhawatiran, pertimbangkan, sengaja, ketakutan","配慮【はいりょ】pertimbangan, kekhawatiran, perhatian, kepedulian, membuat perjanjian, ...","考慮【こうりょ】pertimbangan, mempertimbangkan","遠慮【えんりょ】cadangan, keterbatasan, pembatasan, kesederhanaan, kurang percaya diri, ...",https://kanjikana.com/id/kanji/慮?jlpt=1,916
邦,くに,ホウ,"negara asal, negara, jepang","連邦【れんぽう】persemakmuran, federasi negara-negara, konfederasi, persatuan","邦人【ほうじん】warga negara jepang (terutama di luar negeri), sesama warga negara",邦楽【ほうがく】musik jepang (terutama musik tradisional jepang),https://kanjikana.com/id/kanji/邦?jlpt=1,654
仮,"かり, かり-","カ, ケ","penipuan, sementara, nama samaran, tidak formal","仮【かり】sementara, fiktif, diasumsikan (nama), alias, hipotetis, ...","仮定【かてい】asumsi, dugaan, hipotesis","平仮名【ひらがな】hiragana, silabari Jepang bergaya tulisan sambung yang digunakan terutama untuk kata-kata Jepang asli (khususnya kata fungsi, infleksi, dll.)",https://kanjikana.com/id/kanji/仮?jlpt=1,1039
裂,"さ.く, さ.ける, -ぎ.れ",レツ,"membelah, menghasilkan, air mata","分裂【ぶんれつ】membagi, divisi, putus","破裂【はれつ】meledak, pecah, ledakan, kegagalan, memutuskan","裂く【さく】merobek, memotong, membelah, membedah, memisahkan secara paksa, ...",https://kanjikana.com/id/kanji/裂?jlpt=1,1041
駄,,"ダ, タ","memberatkan, kuda pikul, beban kuda, kirim dengan kuda, sepele, tidak berguna","無駄遣い【むだづかい】pemborosan (uang, waktu, dll.), membuang-buang","下駄【げた】geta, sandal kayu tradisional Jepang, putar, karakter terbalik, jaring","無駄【むだ】kesia-siaan, sampah, ketidakgunaan, ketidakbermaknaan, kemalasan",https://kanjikana.com/id/kanji/駄?jlpt=1,1500
帝,みかど,テイ,"berdaulat, kaisar, tuhan, pencipta",皇帝【こうてい】kaisar,"帝国【ていこく】kerajaan, imperium","帝【みかど】kaisar (jepang), mikado, istana kekaisaran",https://kanjikana.com/id/kanji/帝?jlpt=1,1276
繰,く.る,ソウ,"berliku-liku, rol, berputar, membalik (halaman), mencari informasi, merujuk kepada","繰り返す【くりかえす】mengulang, melakukan sesuatu lagi","資金繰り【しきんぐり】penggalangan dana, pembiayaan, arus kas","繰り上げ【くりあげ】gerakan ke atas, maju",https://kanjikana.com/id/kanji/繰?jlpt=1,872
益,ま.す,"エキ, ヤク","manfaat, keuntungan","有益【ゆうえき】bermanfaat, menguntungkan, membantu, instruktif","利益【りえき】keuntungan, manfaat, baik, kepentingan (misalnya, masyarakat), anugerah (dari Tuhan, Buddha, dll., khususnya yang dicapai melalui tindakan yang benar, doa, kepatuhan pada kepercayaan seseorang, dll.), ...","収益【しゅうえき】penghasilan, pendapatan, pengembalian",https://kanjikana.com/id/kanji/益?jlpt=1,674
耐,た.える,タイ,"-bukti, tahan lama","耐える【たえる】menanggung, berdiri, bertahan, bertoleransi dengan, mendukung, ...","耐久【たいきゅう】ketahanan, ketekunan","忍耐【にんたい】ketahanan, ketekunan, kesabaran",https://kanjikana.com/id/kanji/耐?jlpt=1,1295
獲,え.る,カク,"menguasai, dapatkan, temukan, mendapatkan, dapat, mei, mampu untuk","獲物【えもの】mangsa, tangkap, membunuh, permainan, rampasan, ...","獲得【かくとく】akuisisi, kepemilikan","漁獲【ぎょかく】memancing, tangkap, angkut",https://kanjikana.com/id/kanji/獲?jlpt=1,964
拍,,"ハク, ヒョウ","tepuk tangan, ketukan (musik)","拍手【はくしゅ】tepuk tangan, bertepuk tangan saat berdoa (di kuil)","拍車【はくしゃ】tumit kuda, mendorong, percepatan, dorongan","拍子【ひょうし】waktu (musikal), waktu, mengalahkan, irama, saat itu, ...",https://kanjikana.com/id/kanji/拍?jlpt=1,1373
姫,"ひめ, ひめ-",キ,putri,"姫【ひめ】gadis muda dari kelahiran bangsawan, putri, gadis, kecil, imut, ...","舞姫【まいひめ】penari wanita, gadis menari","歌姫【うたひめ】penyanyi wanita, diva",https://kanjikana.com/id/kanji/姫?jlpt=1,1566
魅,,ミ,"pesona, menggoda","魅力【みりょく】pesona, fascinasi, glamor, daya tarik, banding","魅力的【みりょくてき】menawan, menarik","魅惑【みわく】daya tarik, pesona, umpan",https://kanjikana.com/id/kanji/魅?jlpt=1,1206
催,"もよう.す, もよお.す",サイ,"penaja, mengadakan (pertemuan), memberikan (makan malam)","主催【しゅさい】bantuan (yaitu, melakukan di bawah naungan seseorang), promosi, mengorganisir, penyelenggaraan, pementasan","催す【もよおす】mengadakan (suatu acara), memberikan (makan malam, pesta, dll.), merasakan, menunjukkan tanda-tanda dari","開催【かいさい】mengadakan (konferensi, pameran, dll.), pembukaan, menyelenggarakan (misalnya Olimpiade)",https://kanjikana.com/id/kanji/催?jlpt=1,536
駆,"か.ける, か.る",ク,"mengemudi, lari, galop, maju, menginspirasi, mendorong","駆け足【かけあし】berlari cepat, waktu ganda, menggalop lambat, melakukan sesuatu dengan tergesa-gesa","駆ける【かける】berlari, bergegas, berlomba, bergerak cepat (dengan kuda), mengencar, ...","駆使【くし】menggunakan secara bebas, memanfaatkan sepenuhnya, memiliki penguasaan yang baik atas, bekerja keras, mengantar (seseorang)",https://kanjikana.com/id/kanji/駆?jlpt=1,1033
勘,,カン,"intuisi, persepsi, periksa, bandingkan, indera keenam","勘弁【かんべん】maaf, pengampunan, kesabaran","勘違い【かんちがい】kesalahpahaman, ide yang salah, tebakan yang salah","勘【かん】persepsi, intuisi, indera keenam",https://kanjikana.com/id/kanji/勘?jlpt=1,1494
誠,まこと,セイ,"keikhlasan, menegur, peringatkan, melarang, kebenaran, kesetiaan","誠実【せいじつ】tulus, jujur, setia","誠【まこと】kebenaran, realitas, ketulusan, kejujuran, integritas, ...","誠に【まことに】memang, sungguh, mutlak, benar-benar, sebenarnya, ...",https://kanjikana.com/id/kanji/誠?jlpt=1,1128
酔,"よ.う, よ.い, よ",スイ,"mabuk, merasa sakit, diracuni, gembira, terpesona",麻酔【ますい】anestesi,酔っ払い【よっぱらい】pemabuk,"酔う【よう】mabuk, merasa mual (misalnya di dalam kendaraan), mual, merasa sangat senang, dipuji, ...",https://kanjikana.com/id/kanji/酔?jlpt=1,1640
郷,さと,"キョウ, ゴウ","kota asal, desa, tempat asal, distrik","郷里【きょうり】kampung halaman, tempat kelahiran","郷愁【きょうしゅう】nostalgia, kerinduan akan rumah","故郷【ふるさと】kampung halaman, tempat kelahiran, tempat asal, rumah lama seseorang, reruntuhan, ...",https://kanjikana.com/id/kanji/郷?jlpt=1,1077
恩,,オン,"anugerah, kebaikan, belas kasihan, berkat, manfaat","恩恵【おんけい】anugerah, bantuan, kebaikan, berkat, manfaat","恩【おん】kebaikan, kewajiban, utang budi","恩赦【おんしゃ】amnesti, maaf",https://kanjikana.com/id/kanji/恩?jlpt=1,1418
陣,,ジン,"kem, formasi pertempuran, peringkat, posisi, tiba-tiba, waktu singkat","陣【じん】formasi pertempuran, kem, perkemahan, posisi, kelompok, ...","陣営【じんえい】kubu, faksi (dari sebuah partai), kamp militer, perkemahan, kantonemen",報道陣【ほうどうじん】korp pers,https://kanjikana.com/id/kanji/陣?jlpt=1,828
罰,ばっ.する,"バツ, バチ, ハツ",hukuman,"罰【ばち】hukuman ilahi, kutukan, pembalasan","刑罰【けいばつ】hukuman (pidana), hukuman, kalimat",罰する【ばっする】menghukum,https://kanjikana.com/id/kanji/罰?jlpt=1,1220
索,,サク,"kabel, tali, mencari, menanyakan","捜索【そうさく】pencarian (khususnya untuk seseorang atau sesuatu yang hilang), pemburuan manusia, pencarian yang sah secara hukum terhadap seseorang, bangunan, dll.","模索【もさく】mencari-cari, mencari (jawaban, solusi, dll.), mencoba untuk menemukan",索引【さくいん】indeks,https://kanjikana.com/id/kanji/索?jlpt=1,1127
裕,,ユウ,"melimpah, kaya, subur","余裕【よゆう】kelebihan, margin, kelonggaran, kamar, ruang angkasa, ...","富裕【ふゆう】kekayaan, kemakmuran, kemewahan",裕福【ゆうふく】kaya,https://kanjikana.com/id/kanji/裕?jlpt=1,1048
慎,"つつし.む, つつ.ましい, つつし, つつし.み",シン,"kerendahan hati, hati-hati, bijaksana","慎む【つつしむ】berhati-hati, bersikap bijaksana, dilakukan dengan moderat, menahan diri, menghormati, ...","慎重【しんちょう】hati-hati, bijaksana, sengaja","謹慎【きんしん】pengendalian diri, menyederhanakan perilaku seseorang, penyesalan, disiplin, penahanan di rumah, ...",https://kanjikana.com/id/kanji/慎?jlpt=1,999
揺,"ゆ.れる, ゆ.る, ゆ.らぐ, ゆ.るぐ, ゆ.する, ゆ.さぶる, ゆ.すぶる, うご.く",ヨウ,"ayunan, menggoyang, mengayun, batu, gemetar, bergetar","動揺【どうよう】menggigil, gemetar, melempar, bergulir, osilasi, ...","揺らぐ【ゆらぐ】mengayun, mengguncang, menggigil, berkibar, merasa terguncang, ...","揺さぶる【ゆさぶる】menggoyangkan, mengguncang, menggoyang, mengayun, mengguncang (misalnya dunia politik), ...",https://kanjikana.com/id/kanji/揺?jlpt=1,1079
桜,さくら,"オウ, ヨウ",ceri,"桜【さくら】pohon ceri, bunga sakura, pembeli palsu, penonton berbayar, penjaja, ...",桜花【おうか】bunga sakura,"八重桜【やえざくら】pohon ceri bunga ganda, bunga sakura ganda",https://kanjikana.com/id/kanji/桜?jlpt=1,1237
致,いた.す,チ,"melakukan, lakukan, kirim, maju, penyebab, mengerahkan, mendatangkan, melibatkan","合致【がっち】perjanjian, persaingan, kesesuaian, kepatuhan","一致【いっち】perjanjian, persetujuan, korespondensi, konsistensi, kebetulan, ...",致す【いたす】melakukan,https://kanjikana.com/id/kanji/致?jlpt=1,870
償,つぐな.う,ショウ,"reparasi, menebus, kompensasi","補償【ほしょう】kompensasi, reparasi","賠償【ばいしょう】kompensasi, reparasi, jaminan ganti rugi, kerusakan","弁償【べんしょう】kompensasi, ganti rugi, reparasi, restitusi",https://kanjikana.com/id/kanji/償?jlpt=1,854
属,"さかん, つく, やから","ゾク, ショク","milik, genus, pejabat bawahan, terafiliasi","付属【ふぞく】terikat (pada), bekerja sama (dengan), milik, pergi dengan, sekolah terafiliasi","所属【しょぞく】milik (sebuah kelompok, organisasi, dll.), afiliasi (dengan), terikat dengan, di bawah kendali","属する【ぞくする】milik, datang di bawah, berafiliasi dengan, tunduk pada",https://kanjikana.com/id/kanji/属?jlpt=1,912
己,"おのれ, つちのと, な","コ, キ",diri,"自己【じこ】diri, diri sendiri","己【おのれ】diri sendiri, saya, kamu, sendiri, kata seru yang mengekspresikan kemarahan atau kekecewaan","自己資本【じこしほん】nilai bersih, modal milik",https://kanjikana.com/id/kanji/己?jlpt=1,1098
徹,,テツ,"menembus, jelas, menusuk, mengenai sasaran, begadang","徹する【てっする】menembus, meresap, mengabdikan diri (kepada), melakukan secara sungguh-sungguh dan eksklusif, melakukan sepanjang (misalnya, malam)","徹底【てってい】ketelitian, kelengkapan, konsistensi, penegakan yang menyeluruh, memastikan bahwa kebijakan, dll dilaksanakan tanpa pengecualian","冷徹【れいてつ】berkepala dingin, berpikiran jernih, kepala batu",https://kanjikana.com/id/kanji/徹?jlpt=1,968
露,つゆ,"ロ, ロウ","embun, air mata, mengungkapkan, rusia","露骨【ろこつ】buka, terbuka, tak tersamarkan, kentara, polos, ...","暴露【ばくろ】pengungkapan, paparan, wahyu","披露【ひろう】pengumuman, presentasi, demonstrasi, menampilkan, menunjukkan, ...",https://kanjikana.com/id/kanji/露?jlpt=1,928
剤,"かる, けず.る","ザイ, スイ, セイ","dosis, obat","洗剤【せんざい】deterjen, pembersih, agen pembersih, bahan pencuci","薬剤【やくざい】obat, kimia","殺虫剤【さっちゅうざい】insektisida, pestisida",https://kanjikana.com/id/kanji/剤?jlpt=1,1151
抑,おさ.える,ヨク,"mendesak, baik, sekarang, pertama-tama, dorong, mendorong, pers, segel, lakukan meskipun","抑圧【よくあつ】periksa, pengekangan, penindasan","抑える【おさえる】tetap dalam batas, menahan (misalnya emosi), mengontrol, membatasi, menahan, ...","抑え【おさえ】berat, menekan ke bawah, mengendalikan, menerapkan wewenang, memiliki kontrol diri, ...",https://kanjikana.com/id/kanji/抑?jlpt=1,834
焦,"こ.げる, こ.がす, こ.がれる, あせ.る, じ.れる, じ.らす",ショウ,"karakter, cepat, tidak sabar, mengganggu, membakar, monyet","焦る【あせる】terburu-buru, tidak sabar, cemas (untuk melakukan), khawatir, mendapat kaget, ...","焦点【しょうてん】fokus, titik fokus, poin yang dipersoalkan, titik pusat","焦がす【こがす】membakar, menyengat",https://kanjikana.com/id/kanji/焦?jlpt=1,973
陛,,ヘイ,"kebangsawanan, tangga (takhta)",陛下【へいか】Yang Mulia,天皇陛下【てんのうへいか】Yang Mulia Sang Kaisar,,https://kanjikana.com/id/kanji/陛?jlpt=1,1429
獄,,ゴク,"penjara, penjara",地獄【じごく】neraka,"獄中【ごくちゅう】selama dipenjara, sementara di penjara","疑獄【ぎごく】skandal suap, kasus korupsi",https://kanjikana.com/id/kanji/獄?jlpt=1,1529
屈,"かが.む, かが.める",クツ,"hasil, membengkokkan, menghindar, kirim","窮屈【きゅうくつ】sempit, ketat, resmi, kaku, upacara, ...","屈折【くっせつ】membengkokkan, melengkung, memutar, berputar, berliku, ...","退屈【たいくつ】membosankan, tumpul, tidak menarik, melelahkan, monoton, ...",https://kanjikana.com/id/kanji/屈?jlpt=1,1434
犠,いけにえ,"ギ, キ",pengorbanan,"犠牲【ぎせい】pengorbanan, korban, persembahan (kepada dewa)",犠牲者【ぎせいしゃ】korban,犠飛【ぎひ】penerbangan pengorbanan,https://kanjikana.com/id/kanji/犠?jlpt=1,1189
暇,"ひま, いとま",カ,"waktu luang, istirahat, waktu, cuti",余暇【よか】waktu luang,"休暇【きゅうか】liburan, hari libur, cuti, ketidakhadiran (dari pekerjaan)","暇【ひま】waktu luang, waktu, waktu libur, hari libur, liburan, ...",https://kanjikana.com/id/kanji/暇?jlpt=1,1386
融,"と.ける, と.かす",ユウ,"larut, meleleh","融通【ゆうずう】peminjaman (uang), keuangan, pinjaman, kemampuan beradaptasi, keberagaman, ...","融資【ゆうし】pembiayaan, pinjaman","金融【きんゆう】keuangan, pembiayaan, transaksi kredit, peminjaman uang, peredaran uang, ...",https://kanjikana.com/id/kanji/融?jlpt=1,481
免,"まぬか.れる, まぬが.れる",メン,"alasan, pemecatan",免除【めんじょ】pembebasan,"免れる【まぬがれる】melarikan diri, diselamatkan dari, menghindari (misalnya hukuman), menghindari (misalnya, tanggung jawab), menghindari, ...","免税【めんぜい】pembebasan pajak, pembebasan tugas",https://kanjikana.com/id/kanji/免?jlpt=1,1080
揮,ふる.う,キ,"mengacungkan, gelombang, anjing, ayunan, menggoyangkan","指揮【しき】perintah, arah, pengawasan, memimpin (orkestra, paduan suara, dll.)","発揮【はっき】pameran, demonstrasi, tampilan, manifestasi","指揮者【しきしゃ】dirigen, komandan, pemimpin, direktur",https://kanjikana.com/id/kanji/揮?jlpt=1,946
忠,,チュウ,kesetiaan,"忠告【ちゅうこく】nasihat, peringatan","忠臣【ちゅうしん】pengikut setia, bawahan setia","忠魂【ちゅうこん】kesetiaan, para pahlawan yang setia",https://kanjikana.com/id/kanji/忠?jlpt=1,1113
瀬,せ,ライ,"jeram, arus, arus deras, perairan dangkal, kawanan","瀬戸際【せとぎわ】tepi, momen kritis, momen krusial","高瀬【たかせ】sungai dangkal, perairan dangkal, perahu datar, perahu sungai","早瀬【はやせ】arus deras, jeram",https://kanjikana.com/id/kanji/瀬?jlpt=1,1152
哲,"さとい, あきらか",テツ,"filsafat, bersih",哲学【てつがく】filsafat,哲学的【てつがくてき】filsafat,"変哲【へんてつ】sesuatu yang tidak biasa, sesuatu yang aneh, sesuatu yang luar biasa",https://kanjikana.com/id/kanji/哲?jlpt=1,1093
柄,"がら, え, つか",ヘイ,"desain, pola, membangun, alam, karakter, mengatasi, engkol, cengkeraman, kenop, poros","人柄【ひとがら】kepribadian, karakter, penampilan pribadi, kesopanan","小柄【こがら】tubuh kecil, postur pendek, mungil, pola kecil","事柄【ことがら】benda, urusan, keadaan",https://kanjikana.com/id/kanji/柄?jlpt=1,1140
僚,,リョウ,"rekan kerja, resmi, teman","官僚【かんりょう】birokrat, pejabat pemerintah, birokrasi","同僚【どうりょう】rekan kerja, asosiasi",閣僚【かくりょう】menteri kabinet,https://kanjikana.com/id/kanji/僚?jlpt=1,709
威,"おど.す, おど.し, おど.かす",イ,"mengintimidasi, martabat, keagungan, ancaman, mengancam","権威【けんい】otoritas, kekuatan, pengaruh, prestise, ahli","威力【いりょく】kekuatan, mungkin, otoritas, pengaruh","威張る【いばる】berlagak, berlagak besar, menggunakan pengaruhnya, menindas, bersikap mendominasi, ...",https://kanjikana.com/id/kanji/威?jlpt=1,1103
徴,しるし,"チョウ, チ","indikasi, tanda, pertanda, gejala, mengumpulkan, mencari, merujuk pada, pertanyaan","象徴【しょうちょう】simbol abstrak, lambang, representasi","徴収【ちょうしゅう】pemungutan (biaya, pajak, dll.), pungutan","特徴【とくちょう】fitur, sifat, karakteristik, kekhasan, pembeda",https://kanjikana.com/id/kanji/徴?jlpt=1,850
誇,ほこ.る,コ,"membanggakan, bangga, kebanggaan, dengan penuh kemenangan",誇張【こちょう】pembesaran,"誇る【ほこる】membanggakan, bangga akan, berbangga diri","誇り【ほこり】kebanggaan, membanggakan, mengakui",https://kanjikana.com/id/kanji/誇?jlpt=1,1272
飾,"かざ.る, かざ.り",ショク,"menghias, hiasan, menghiasi, memperindah","装飾【そうしょく】hiasan, dekorasi",着飾る【きかざる】berdandan,"首飾り【くびかざり】kalung, kalung choker",https://kanjikana.com/id/kanji/飾?jlpt=1,1193
炎,ほのお,エン,"peradangan, api","炎【ほのお】api, nyala api, nyala (emosi yang intens, seperti cinta, iri hati, kemarahan), gairah",炎【えん】-itis,肺炎【はいえん】pneumonia,https://kanjikana.com/id/kanji/炎?jlpt=1,1242
倉,くら,ソウ,"gudang, gudang bawah tanah, perbendaharaan",倉庫【そうこ】gudang,"倉敷【くらしき】kurashiki (kota), biaya penyimpanan",米倉【こめぐら】lumbung padi,https://kanjikana.com/id/kanji/倉?jlpt=1,1114
牲,,セイ,"pengorbanan hewan, penawaran","犠牲【ぎせい】pengorbanan, korban, persembahan (kepada dewa)",犠牲者【ぎせいしゃ】korban,,https://kanjikana.com/id/kanji/牲?jlpt=1,1274
奏,かな.でる,ソウ,"putar musik, berbicara kepada seorang penguasa, lengkap",演奏【えんそう】pertunjukan musik,協奏曲【きょうそうきょく】konser,"奏者【そうしゃ】instrumentalis, pemain",https://kanjikana.com/id/kanji/奏?jlpt=1,1067
廃,"すた.れる, すた.る",ハイ,"menghapuskan, usang, penghentian, membuang","廃棄【はいき】pembuangan, peninggalan, membatalkan, membuang, penghapusan, ...","廃止【はいし】penghapusan, penghentian, membatalkan, pembatalan","荒廃【こうはい】reruntuhan, kehancuran, sampah, peluruhan",https://kanjikana.com/id/kanji/廃?jlpt=1,698
妊,"はら.む, みごも.る","ニン, ジン",kehamilan,"妊娠【にんしん】kehamilan, konsepsi","避妊【ひにん】kontrasepsi, kontrol kelahiran","不妊【ふにん】infertilitas, sterilitas, ketandusan",https://kanjikana.com/id/kanji/妊?jlpt=1,1413
維,,イ,"serat, dasi, tali","維持【いじ】pemeliharaan, pelestarian, perbaikan","繊維【せんい】serat, tekstil","維新【いしん】reformasi, revolusi, pembaruan, restorasi meiji, Nippon Ishin no Kai, ...",https://kanjikana.com/id/kanji/維?jlpt=1,643
砲,,ホウ,"meriam, senjata api","主砲【しゅほう】baterai utama, persenjataan utama","砲弾【ほうだん】cangkang, bola meriam","空砲【くうほう】senjata kosong, senjata diisi dengan peluru hampa, menembakkan peluru hampa",https://kanjikana.com/id/kanji/砲?jlpt=1,1268
塚,"つか, -づか",チョウ,"bukit kecil, gundukan","貝塚【かいづか】tumpukan cangkang, gundukan kerang, tempat pembuangan sampah dapur",一里塚【いちりづか】batu tanda (1 ri terpisah),"塚【つか】gundukan, tumpukan, bukit kecil, kuburan gundukan, makam, ...",https://kanjikana.com/id/kanji/塚?jlpt=1,869
核,,カク,inti,"結核【けっかく】tuberkulosis, TB, konkresi",核兵器【かくへいき】senjata nuklir,"中核【ちゅうかく】inti, pusat",https://kanjikana.com/id/kanji/核?jlpt=1,475
亜,つ.ぐ,ア,"asia, peringkat berikutnya, mengikuti, -us","亜【あ】sub-, kelas dua, inferior, -ous (menunjukkan tingkat oksidasi rendah), -ite, ...","東亜【とうあ】asia timur, timur jauh",亜鉛【あえん】seng (Zn),https://kanjikana.com/id/kanji/亜?jlpt=1,1509
距,"へだ.たる, けづめ",キョ,"jangka jauh, dorongan, tumit kuda","距離【きょり】jarak, jangkauan, interval, perbedaan (misalnya dalam pendapat), celah","長距離【ちょうきょり】jarak jauh, jangka panjang","短距離【たんきょり】jarak dekat, jangka pendek",https://kanjikana.com/id/kanji/距?jlpt=1,1191
釈,"とく, す.てる, ゆる.す","シャク, セキ",penjelasan,"解釈【かいしゃく】interpretasi, penjelasan, membaca, konstruksi","釈放【しゃくほう】melepaskan, pembebasan","釈明【しゃくめい】penjelasan, pembenaran",https://kanjikana.com/id/kanji/釈?jlpt=1,1097
縁,"ふち, ふち.どる, ゆかり, よすが, へり, えにし","エン, -ネン","afinitas, hubungan, koneksi, tepi, perbatasan","縁談【えんだん】lamaran pernikahan, pembicaraan pernikahan","縁側【えんがわ】engawa, koridor eksternal di sisi luar rumah tradisional Jepang, tulang dasar sirip, daging di dasar sirip","縁【ふち】pinggir, pinggiran, tepi",https://kanjikana.com/id/kanji/縁?jlpt=1,1291
句,,ク,"frasa, klausa, kalimat, lewat, paragraf, penghitung untuk haiku","語句【ごく】kata-kata, frasa","俳句【はいく】haiku, puisi 17 mora, biasanya dalam 3 baris dengan 5, 7, dan 5 mora",句読点【くとうてん】tanda baca,https://kanjikana.com/id/kanji/句?jlpt=1,1244
譲,ゆず.る,ジョウ,"tunda, omzet, transfer, mengkomunikasikan","譲歩【じょうほ】konsesi, rekonsiliasi, kompromi","譲る【ゆずる】menyerahkan, mentransfer, membalikkan, menugaskan, menyampaikan, ...","譲渡【じょうと】transfer, tugas, pengangkutan",https://kanjikana.com/id/kanji/譲?jlpt=1,984
批,,ヒ,"kritik, pukulan","批判【ひはん】kritik, penghakiman, komentar","批評【ひひょう】kritik, ulasan, komentar",批准【ひじゅん】ratifikasi,https://kanjikana.com/id/kanji/批?jlpt=1,568
牧,まき,ボク,"membudidayakan, peduli akan, gembala, memberi makan, padang rumput","牧師【ぼくし】pendeta, menteri",遊牧【ゆうぼく】nomadisme,"牧場【ぼくじょう】peternakan (ternak), peternakan sapi, peternakan, stasiun, padang rumput, ...",https://kanjikana.com/id/kanji/牧?jlpt=1,1360
潜,"ひそ.む, もぐ.る, かく.れる, くぐ.る, ひそ.める",セン,"menenggelamkan, menyembunyikan, sembunyi, menurunkan (suara), diam","潜水【せんすい】menyelam, terendam, pergi ke bawah air","潜る【くぐる】berada di bawah, melewati di bawah, melewati, menyelam, menghindari, ...","潜る【もぐる】menyelam, masuk ke bawah, masuk ke, masuk, merayap masuk ke, ...",https://kanjikana.com/id/kanji/潜?jlpt=1,1329
撤,,テツ,"menghapus, tarik, melucuti senjata, membongkar, tolak, mengeluarkan","撤退【てったい】evakuasi, penarikan, pembatalan, membatalkan, mundur","撤廃【てっぱい】pembatalan, penghapusan, mencabut","撤去【てっきょ】penghapusan, mengambil, pembongkaran (gedung, fasilitas, dll.), penarikan (pasukan)",https://kanjikana.com/id/kanji/撤?jlpt=1,811
献,たてまつ.る,"ケン, コン","penawaran, penghitung minuman, hadir, tawaran","文献【ぶんけん】sastra, buku referensi, dokumen","献立【こんだて】menu, daftar menu, program, jadwal","貢献【こうけん】kontribusi (mendukung tujuan atau penyebab), jasa (untuk sebuah tujuan), memberi penghormatan, penghormatan",https://kanjikana.com/id/kanji/献?jlpt=1,637
称,"たた.える, とな.える, あ.げる, かな.う, はか.り, はか.る, ほめ.る",ショウ,"sebutan, pujian, mengagumi, nama, judul, ketenaran","名称【めいしょう】nama, judul","称する【しょうする】mengambil nama dari, menyebut diri sendiri, berpura-pura, mengklaim",敬称【けいしょう】gelar kehormatan,https://kanjikana.com/id/kanji/称?jlpt=1,985
琴,こと,"キン, ゴン","kecapi, kota","琴【こと】koto (alat musik petik Jepang berdawai 13), alat musik berdawai, zheng (kecapi Tiongkok), guzheng","琴【きん】qin (alat musik gesek Tiongkok dengan 7 senar), guqin",月琴【げっきん】yueqin (alat musik petik Tiongkok dengan 4 senar),https://kanjikana.com/id/kanji/琴?jlpt=1,1591
躍,おど.る,ヤク,"lompatan, tari, lewati","活躍【かつやく】aktivitas (khususnya yang energik atau berhasil), usaha besar, partisipasi aktif, berjalan-jalan dengan semangat besar","飛躍【ひやく】lompatan, lompat, melangkah keluar ke dunia yang lebih luas, menjadi aktif di panggung yang lebih luas, berperan aktif, ...","躍進【やくしん】membuat kemajuan pesat, membuat kemajuan besar, terburu-buru, tanda hubung, serangan",https://kanjikana.com/id/kanji/躍?jlpt=1,900
削,"けず.る, はつ.る, そ.ぐ",サク,"pesawat, mengasah, mengukir, timun, cukur","削減【さくげん】potong, pengurangan, pemotongan","削除【さくじょ】penghapusan, eliminasi, mogok","削る【けずる】mencukur (kayu, kulit, dll.), mengasah (misalnya, pensil), meratakan, memahat, mengupas, ...",https://kanjikana.com/id/kanji/削?jlpt=1,814
魂,"たましい, たま",コン,"jiwa, semangat","魂【こん】Energi Yang, semangat","魂【たましい】jiwa, semangat","鎮魂【ちんこん】kedamaian jiwa, upacara untuk kedamaian jiwa yang telah berpulang",https://kanjikana.com/id/kanji/魂?jlpt=1,1748
析,,セキ,"cincang, membagi, air mata, menganalisis",分析【ぶんせき】analisis,透析【とうせき】dialisis,人工透析【じんこうとうせき】dialisis (buatan),https://kanjikana.com/id/kanji/析?jlpt=1,980
酸,す.い,サン,"asam, kepahitan, kue pai",酸化【さんか】oksidasi,"酸【さん】asam, keasaman, rasa asam","酸性【さんせい】keasaman, asam",https://kanjikana.com/id/kanji/酸?jlpt=1,1218
敷,"し.く, -し.き",フ,"menyebar, membangun jalan, duduk, mengumumkan","屋敷【やしき】kediaman, harta warisan, alasan, premis, rumah besar","座敷【ざしき】kamar tatami, kamar tikar tatami, ruang jepang formal, pesta makan malam di ruang tatami (khususnya ketika ada geisha atau maiko yang hadir)","敷地【しきち】situs, alur, banyak, tanah",https://kanjikana.com/id/kanji/敷?jlpt=1,1212
臨,のぞ.む,リン,"melihat ke, wajah, bertemu, menghadapi, menghadiri, mengunjungi","臨む【のぞむ】memandang ke, mengabaikan, menghadap ke, menghadapi, menemui (misalnya kematian), ...","臨時【りんじ】sementara, khusus, luar biasa, tambahan","臨床【りんしょう】klinis (misalnya patologi, fisiologi)",https://kanjikana.com/id/kanji/臨?jlpt=1,722
仙,,"セン, セント","pertapa, penyihir, sen","仙【せん】pertapa, penyihir, sihir","仙人【せんにん】xianshan fashi, pertapa gunung, orang yang tidak terikat oleh keinginan duniawi","水仙【すいせん】narsis (khususnya Narcissus tazetta var. chinensis), narsis",https://kanjikana.com/id/kanji/仙?jlpt=1,1157
災,わざわ.い,サイ,"bencana, kesedihan, kutukan, jahat","災害【さいがい】bencana, kesialan",戦災【せんさい】kerusakan perang,"災難【さいなん】bencana, kesialan",https://kanjikana.com/id/kanji/災?jlpt=1,976
却,"かえ.って, しりぞ.く, しりぞ.ける",キャク,"sebagai gantinya, sebaliknya, lebih suka, mundur, menarik","冷却【れいきゃく】pendinginan, penyejukan, menenangkan diri","償却【しょうきゃく】pembayaran kembali, penebusan, penyusutan, amortisasi","焼却【しょうきゃく】pembakaran, hancurkan dengan api",https://kanjikana.com/id/kanji/却?jlpt=1,959
巡,"めぐ.る, めぐ.り",ジュン,"patroli, berkeliling, keliling","巡査【じゅんさ】petugas polisi, polisi","巡る【めぐる】berkeliling, membuat lingkaran di sekitar, mengelilingi, melingkari, datang lagi, ...",お巡りさん【おまわりさん】petugas polisi,https://kanjikana.com/id/kanji/巡?jlpt=1,1262
縮,"ちぢ.む, ちぢ.まる, ちぢ.める, ちぢ.れる, ちぢ.らす",シュク,"menciut, kontrak, mengerut, keriput, mengurangi","短縮【たんしゅく】penyingkatan, kontraksi, pengurangan, pembatasan, singkatan","縮まる【ちぢまる】memperpendek, menyempitkan, menutup, menciut","縮小【しゅくしょう】pengurangan, pemangkasan, potong, pemotongan, mengecilkan",https://kanjikana.com/id/kanji/縮?jlpt=1,909
摘,つ.む,テキ,"cubit, pilih, memetik, memangkas, klip, meringkas","摘む【つまむ】mencubit, memegang (dengan jari), memetik, mengambil dan makan, mengemil, ...","指摘【してき】menunjukkan, identifikasi","摘発【てきはつ】mengungkapkan, membuka topeng, membuka secara terang-terangan",https://kanjikana.com/id/kanji/摘?jlpt=1,564
唯,ただ,"ユイ, イ","hanya, sederhana","唯一【ゆいいつ】hanya, telapak kaki, unik",唯物論【ゆいぶつろん】materialisme (filsafat),,https://kanjikana.com/id/kanji/唯?jlpt=1,1292
雷,"かみなり, いかずち, いかづち",ライ,"guntur, kilat","雷【かみなり】petir, guntur, dewa petir, kemarahan, ledakan kemarahan","雷鳴【らいめい】guntur, ledakan guntur","地雷【じらい】ranjau darat, topik yang memicu seseorang, topik sensitif, topik tabu, pemicu, ...",https://kanjikana.com/id/kanji/雷?jlpt=1,1491
沙,"すな, よなげる","サ, シャ",pasir,"沙汰【さた】urusan, negara bagian, insiden, masalah, materi, ...",沙【しゃ】keseratus juta,,https://kanjikana.com/id/kanji/沙?jlpt=1,1897
陰,"かげ, かげ.る",イン,"bayangan, yin, negatif, organ seksual, rahasia","陰気【いんき】suram, sengsara, melankolis, semangat yin","日陰【ひかげ】bayangan, sinar matahari","陰【かげ】bayangan, di belakang (sesuatu), sisi lain, kembali, latar belakang, ...",https://kanjikana.com/id/kanji/陰?jlpt=1,1393
趣,"おもむき, おもむ.く",シュ,"maksud, intisari, keanggunan, minat, lanjutkan ke, cenderung, menjadi","趣旨【しゅし】arti, poin, intisari, efek, tujuan, ...","趣【おもむき】arti, tenor, intisari, efek, pengaruh, ...","趣味【しゅみ】hobi, rasa, preferensi, menyukai",https://kanjikana.com/id/kanji/趣?jlpt=1,1153
拡,"ひろ.がる, ひろ.げる, ひろ.める","カク, コウ","memperluas, memperpanjang, memperbesar","拡散【かくさん】menyebar, menyebarkan, pencararan, difusi (cahaya, gas)","拡張【かくちょう】perluasan, perpanjangan, pembesaran, melarikan diri, ESC","拡大【かくだい】ekspansi, perpanjangan, perbesaran, pembesaran, eskalasi, ...",https://kanjikana.com/id/kanji/拡?jlpt=1,611
妖,"あや.しい, なま.めく, わざわ.い",ヨウ,"menarik, mempesona, bencana","妖怪【ようかい】hantu, penampakan, iblis, monster, goblin, ...","妖精【ようせい】peri, sprite","妖艶【ようえん】menarik, menggairahkan, memikat",https://kanjikana.com/id/kanji/妖?jlpt=1,1964
銭,"ぜに, すき","セン, ゼン","koin, 0,01 yen, uang","小銭【こぜに】perubahan kecil, koin, jumlah uang kecil","金銭【きんせん】uang, uang tunai","銭湯【せんとう】pemandian umum, rumah mandi",https://kanjikana.com/id/kanji/銭?jlpt=1,1008
誓,ちか.う,セイ,"janji, bersumpah","誓う【ちかう】bersumpah, berjanji","宣誓【せんせい】sumpah, pengingkaran, janji","誓約【せいやく】sumpah, janji, perjanjian",https://kanjikana.com/id/kanji/誓?jlpt=1,1567
透,"す.く, す.かす, す.ける, とう.る, とう.す",トウ,"transparan, menyusup, saringan, menembus","透明【とうめい】transparan, jelas","不透明【ふとうめい】buram, samar, keruh, keburaman, ketidakjelasan, ...","浸透【しんとう】penyebaran (pemikiran, ideologi, budaya, dll.), infiltrasi (misalnya ide), menyebarkan, penetrasi (misalnya ke dalam pasar), penyebaran, ...",https://kanjikana.com/id/kanji/透?jlpt=1,1035
盟,,メイ,"alianza, sumpah","加盟【かめい】bergabung (dengan asosiasi, perjanjian, dll.), partisipasi, afiliasi, aksesi","連盟【れんめい】liga, federasi, persatuan, alianza",盟友【めいゆう】teman setia,https://kanjikana.com/id/kanji/盟?jlpt=1,587
顧,かえり.みる,コ,"melihat ke belakang, ulasan, memeriksa diri sendiri, berbalik","顧みる【かえりみる】mengenang (masa lalu), merefleksikan, mengenang kembali, melihat ke belakang, berbalik (dan melihat), ...","顧客【こきゃく】pelanggan, klien, pelindung","回顧【かいこ】mengingat kembali, mengenang, melihat ke belakang, introspeksi, ulasan",https://kanjikana.com/id/kanji/顧?jlpt=1,1058
腐,"くさ.る, -くさ.る, くさ.れる, くさ.れ, くさ.らす, くさ.す",フ,"busuk, kerusakan, asam","腐敗【ふはい】dekomposisi, pembusukan, korupsi, degenerasi, peluruhan, ...","腐る【くさる】membusuk, rusak, merusak, menjadi asam, mengkorosi, ...","腐心【ふしん】mengambil langkah besar, mengupayakan segala usaha, mengalami banyak kesulitan, memeras otak",https://kanjikana.com/id/kanji/腐?jlpt=1,1225
豪,えら.い,ゴウ,"mendominasi, hebat, kuat, unggul, australia","富豪【ふごう】orang kaya, jutawan","豪華【ごうか】mewah, luar biasa, cantik","強豪【きょうごう】kekuatan yang luar biasa, orang yang sangat kuat, pembangkit tenaga, pemain yang sangat kuat, tim yang sangat kuat",https://kanjikana.com/id/kanji/豪?jlpt=1,1104
寂,"さび, さび.しい, さび.れる, さみ.しい","ジャク, セキ","kesepian, diam-diam, lembut, dewasa, kematian seorang pendeta","寂しい【さびしい】kesepian, sepi, terpencil","寂【さび】patina, tampilan antik, kesederhanaan yang elegan, suara yang terlatih baik","静寂【せいじゃく】keheningan, ketenangan",https://kanjikana.com/id/kanji/寂?jlpt=1,1599
浦,うら,ホ,"teluk, sungai kecil, inlet, pantai, pesisir laut","津々浦々【つつうらうら】di seluruh negara, di seluruh negeri, setiap sudut dan celah dari tanah tersebut, jauh dan luas, di setiap pelabuhan","浦【うら】inlet, pantai laut, pantai",,https://kanjikana.com/id/kanji/浦?jlpt=1,977
棄,す.てる,キ,"mengabaikan, membuang, mengundurkan diri, tolak, pengorbanan","廃棄【はいき】pembuangan, peninggalan, membatalkan, membuang, penghapusan, ...","棄権【きけん】pantang (dari pemungutan suara), pelepasan (hak), pengunduran diri","破棄【はき】merobek dan membuang (misalnya dokumen), kehancuran, pembatalan, mengosongkan, melanggar (misalnya sebuah perjanjian), ...",https://kanjikana.com/id/kanji/棄?jlpt=1,901
抵,,テイ,"melawan, mencapai, sentuh","抵抗【ていこう】perlawanan, oposisi, melawan, keengganan, menyeret, ...","大抵【たいてい】kebanyakan, biasanya, umumnya, mungkin, paling, ...","抵触【ていしょく】pelanggaran (hukum, perjanjian, dll.), pelanggaran, melanggar, bertentangan, ketidakkonsistenan, ...",https://kanjikana.com/id/kanji/抵?jlpt=1,1182
鎖,"くさり, とざ.す",サ,"rantai, setrika, koneksi","閉鎖【へいさ】penutupan, matikan, penguncian","封鎖【ふうさ】blokade, penguncian, menyegel (suatu area), membekukan (dana)",鎖【くさり】rantai,https://kanjikana.com/id/kanji/鎖?jlpt=1,1250
吐,"は.く, つ.く",ト,"ludah, muntah, sendawa, mengakui, berbohong","吐く【つく】menghembuskan napas, bernapas, berbohong, menggunakan (bahasa kasar), muntah, ...","吐く【はく】muntah, meludahkan, memancarkan, mengirimkan, mengeluarkan napas, ...","吐露【とろ】mengungkapkan pikiran, berbicara terbuka",https://kanjikana.com/id/kanji/吐?jlpt=1,1674
閣,,カク,"menara, gedung tinggi, istana","内閣【ないかく】kabinet, kementerian",閣僚【かくりょう】menteri kabinet,閣議【かくぎ】rapat kabinet,https://kanjikana.com/id/kanji/閣?jlpt=1,444
豆,"まめ, まめ-","トウ, ズ","kacang, kacang polong, orang kerdil","豆【まめ】kacang-kacangan, kacang, kacang polong, kedelai (Glycine max), kedelai, ...","大豆【だいず】kedelai (Glycine max), kedelai",納豆【なっとう】natto (kedelai fermentasi),https://kanjikana.com/id/kanji/豆?jlpt=1,1422
孤,,コ,"yatim piatu, sendiri","孤独【こどく】kesendirian, kesepian, isolasi","孤児【こじ】yatim piatu, orang tanpa teman","孤立【こりつ】isolasi, sendirian, tidak memiliki teman",https://kanjikana.com/id/kanji/孤?jlpt=1,1239
既,すで.に,キ,"sebelumnya, sudah, lama sekali",既婚【きこん】menikah,"既に【すでに】sudah, terlalu larut",既存【きそん】ada,https://kanjikana.com/id/kanji/既?jlpt=1,1081
冒,おか.す,ボウ,"risiko, wajah, melawan, berani, kerusakan, asumsikan","冒頭【ぼうとう】awal, pembukaan, mulai, permulaan","冒険【ぼうけん】petualangan, usaha, usaha yang kemungkinan besar tidak akan berhasil, upaya berisiko, bahaya, ...","冒す【おかす】berani, mengambil risiko, menghadapi, merugikan, menimpa, ...",https://kanjikana.com/id/kanji/冒?jlpt=1,1317
典,"ふみ, のり","テン, デン","kode, upacara, hukum, aturan",原典【げんてん】asli (teks),古典【こてん】klasik,百科事典【ひゃっかじてん】ensiklopedia,https://kanjikana.com/id/kanji/典?jlpt=1,1055
喪,も,ソウ,"nyonya, berduka","喪【も】berduka, bencana, kesialan",喪主【もしゅ】orang yang paling berduka,"喪失【そうしつ】kehilangan, mengalah",https://kanjikana.com/id/kanji/喪?jlpt=1,885
伏,"ふ.せる, ふ.す",フク,"tersungkur, membungkuk, busur, sampul, memasang (pipa)","起伏【きふく】gelombang, naik turun, pasang surut","降伏【こうふく】menyerah, kapitulasi, pengajuan, hasil","伏せる【ふせる】membalikkan, telungkup, terbalik, menunduk, menundukkan (mata), ...",https://kanjikana.com/id/kanji/伏?jlpt=1,1604
芝,しば,シ,rumput,"芝【しば】halaman rumput, rumput","芝居【しばい】bermain, drama",芝生【しばふ】rumput,https://kanjikana.com/id/kanji/芝?jlpt=1,1052
舎,やど.る,"シャ, セキ","pondok, penginapan, rumah, rumah besar","校舎【こうしゃ】gedung sekolah, sekolah","田舎【いなか】daerah pedesaan, pedesaan, tongkat-tongkat, kampung halaman","宿舎【しゅくしゃ】penginapan (rumah), akomodasi, hotel, perumahan (untuk pegawai pemerintah)",https://kanjikana.com/id/kanji/舎?jlpt=1,1170
遭,"あ.う, あ.わせる",ソウ,"pertemuan, bertemu, pihak, asosiasi, wawancara, bergabung","遭難【そうなん】bencana, kecelakaan, bangkai kapal, kesulitan","遭遇【そうぐう】pertemuan, berlari ke, bertemu dengan (misalnya sebuah kecelakaan), dihadapkan dengan (misalnya, sebuah kesulitan)",,https://kanjikana.com/id/kanji/遭?jlpt=1,1554
還,かえ.る,カン,"kirim balik, kembali","返還【へんかん】kembali, restorasi","還暦【かんれき】kanreki, ulang tahun ke-60 (atau ke-61 dalam sistem perhitungan usia tradisional) ketika seseorang telah hidup melalui satu siklus seksagenari penuh","還元【かんげん】restorasi, kembali, pengurangan, terjemahan, deoksidasi",https://kanjikana.com/id/kanji/還?jlpt=1,910
盤,,バン,"baki, mangkuk dangkal, piring besar, bak mandi, papan, rekaman piringan fonograf",碁盤【ごばん】papan go,"基盤【きばん】dasar, pondasi, infrastruktur, batuan dasar, substrat (papan sirkuit)","地盤【じばん】tanah, kerak bumi, dasar (kerikil, sungai, dll.), pondasi, dasar, ...",https://kanjikana.com/id/kanji/盤?jlpt=1,881
肝,きも,カン,"hati, memetik, urat saraf, keberanian","肝心【かんじん】esensial, penting, kritis, vital, utama",肝炎【かんえん】hepatitis,肝硬変【かんこうへん】sirosis (hati),https://kanjikana.com/id/kanji/肝?jlpt=1,1118
戒,いまし.める,カイ,perintah,"警戒【けいかい】kewaspadaan, hati-hati, kesigapan, pencegahan, berjaga-jaga","懲戒【ちょうかい】disiplin, hukuman, teguran","戒告【かいこく】peringatan, hati-hati",https://kanjikana.com/id/kanji/戒?jlpt=1,1062
詩,うた,シ,puisi,"詩【し】puisi, ayat, puisi Tiongkok",詩人【しじん】penyair,"詩集【ししゅう】antologi puisi, kumpulan puisi",https://kanjikana.com/id/kanji/詩?jlpt=1,1196
滑,"すべ.る, なめ.らか","カツ, コツ","licin, luncur, selip, gagal ujian","円滑【えんかつ】halus, tidak terganggu, terus-menerus, harmonis","滑らか【なめらか】halus, kaca, beludru, lembut, lancar, ...","滑稽【こっけい】lucu, konyol, absurd",https://kanjikana.com/id/kanji/滑?jlpt=1,1238
誉,"ほま.れ, ほ.める",ヨ,"reputasi, pujian, kehormatan, kemuliaan","名誉【めいよ】kehormatan, kredit, kemuliaan, ketenaran, perbedaan, ...",栄誉【えいよ】kehormatan,"不名誉【ふめいよ】kehinaan, aib, malu",https://kanjikana.com/id/kanji/誉?jlpt=1,1064
鏡,かがみ,"キョウ, ケイ","cermin, kepala tong, tumpeng",望遠鏡【ぼうえんきょう】teleskop,顕微鏡【けんびきょう】mikroskop,"鏡【かがみ】cermin, kepala tong, halaman yang ditambahkan di awal dokumen yang menyebutkan tujuannya, tanggal, penulis, dll., mochi berbentuk cermin",https://kanjikana.com/id/kanji/鏡?jlpt=1,1506
脈,すじ,ミャク,"urat, denyut, harapan","脈【みゃく】denyut, urat, rantai, harapan, benang (dari sebuah argumen)","山脈【さんみゃく】pegunungan, sabuk pegunungan",人脈【じんみゃく】koneksi pribadi,https://kanjikana.com/id/kanji/脈?jlpt=1,1477
梨,なし,リ,pohon pir,梨【なし】pir (khususnya pir Jepang),梨花【りか】bunga pir,,https://kanjikana.com/id/kanji/梨?jlpt=1,1331
那,"なに, なんぞ, いかん","ナ, ダ",apa?,"旦那【だんな】tuan rumah, suami, tuan, bos, gubernur, ...",支那【しな】cina,"旦那様【だんなさま】suami, tuan",https://kanjikana.com/id/kanji/那?jlpt=1,1621
杉,すぎ,サン,"cedar, kriptomeria",杉林【すぎばやし】hutan cryptomeria,杉戸【すぎど】pintu terbuat dari kayu cedar,杉【すぎ】Cedar Jepang (Cryptomeria japonica),https://kanjikana.com/id/kanji/杉?jlpt=1,1095
賀,,ガ,"selamat, kegembiraan","祝賀【しゅくが】perayaan, selamat",年賀状【ねんがじょう】kartu tahun baru,"年賀【ねんが】ucapan tahun baru, panggilan tahun baru, kado tahun baru",https://kanjikana.com/id/kanji/賀?jlpt=1,1056
丁,ひのと,"チョウ, テイ, チン, トウ, チ","jalan, bangsal, kota, penghitung untuk senjata, alat, daun, atau kue sesuatu, bilangan genap, tanda kalender ke-4","丁目【ちょうめ】kecamatan di sebuah kota, kawasan kota (berukuran tidak teratur)","包丁【ほうちょう】pisau dapur, pisau ukir, memasak, makanan","丁寧【ていねい】sopan, sipil, hati-hati, tutup, teliti",https://kanjikana.com/id/kanji/丁?jlpt=1,1312
伴,ともな.う,"ハン, バン","konsorsium, mendampingi, bawa dengan, teman","伴う【ともなう】menemani, berjalan beriringan dengan, berakibat pada, ditemani oleh, membawa, ...",伴奏【ばんそう】iringan musik,"同伴【どうはん】mendampingi, ditemani oleh, pergi dengan",https://kanjikana.com/id/kanji/伴?jlpt=1,886
控,"ひか.える, ひか.え",コウ,"menarik, tarik, menahan, menahan diri dari, bersikaplah dengan moderat","控える【ひかえる】menjadi bijaksana dalam, menahan diri, menjauhi, menahan, menahan diri dari berlebihan ..., ...","控訴【こうそ】mengajukan banding ke pengadilan tinggi, banding menengah","控除【こうじょ】pengurangan, potongan (misalnya pajak), subsidi",https://kanjikana.com/id/kanji/控?jlpt=1,1000
充,"あ.てる, み.たす",ジュウ,"membagikan, isi","補充【ほじゅう】pengisian kembali, suplemen, penggantian, mengisi ulang","充実【じゅうじつ】kekenyangan, kelengkapan, kesempurnaan, kemapanan, peningkatan, ...",拡充【かくじゅう】ekspansi,https://kanjikana.com/id/kanji/充?jlpt=1,949
賃,,チン,"tarif, biaya, sewa, upah, muatan","賃金【ちんぎん】upah, membayar, pembayaran sewa","運賃【うんちん】tarif penumpang, tarif kargo, biaya pengiriman",家賃【やちん】sewa,https://kanjikana.com/id/kanji/賃?jlpt=1,961
排,,ハイ,"menolak, mengeluarkan, mengusir, tolak, mengantri, mengatur","排除【はいじょ】pengecualian, penghapusan, eliminasi, membersihkan, menghilangkan","排水【はいすい】drainase, menguras, pembuangan air kotor, perpindahan","排出【はいしゅつ】pembebasan, evakuasi, emisi (misalnya CO2), penyemprotan, ekskresi",https://kanjikana.com/id/kanji/排?jlpt=1,1047
臭,"くさ.い, -くさ.い, にお.う, にお.い",シュウ,"bau busuk, berbau busuk, mencurigakan, bau, menikmati, wewangian, berbau harum, bercahaya, bersinar","生臭い【なまぐさい】berbau ikan, mencurigakan, berbau darah, berdarah, terdegradasi, ...","臭い【くさい】bau, mencurigakan, ceroboh, tidak terampil, berbau seperti, ...","悪臭【あくしゅう】bau, bau busuk",https://kanjikana.com/id/kanji/臭?jlpt=1,1760
飼,か.う,シ,"mendomestikasi, mengangkat, simpan, memberi makan","飼育【しいく】pembiakan, mengangkat, pembesaran","飼う【かう】memelihara, memiliki, mengangkat, memberi makan","飼料【しりょう】pakan, memberi makan",https://kanjikana.com/id/kanji/飼?jlpt=1,1392
須,"すべから.く, すべし, ひげ, まつ, もち.いる, もと.める","ス, シュ","harus, dengan segala cara, secara wajib","必須【ひっす】tak tergantikan, esensial, persyaratan, diperlukan, wajib, ...",,,https://kanjikana.com/id/kanji/須?jlpt=1,1339
鹿,"しか, か",ロク,rusa,"馬鹿【ばか】idiot, bodoh, masalah sepele, kebodohan, keabsurdan, ...",牡鹿【おじか】rusa jantan,"鹿【しか】rusa (terutama rusa sika, Cervus nippon), rusa",https://kanjikana.com/id/kanji/鹿?jlpt=1,957
微,かす.か,ビ,"lembut, ketelitian, ketidaksignifikanan",微笑【びしょう】senyum,"微量【びりょう】jumlah yang sangat kecil, kuantitas yang sangat kecil",顕微鏡【けんびきょう】mikroskop,https://kanjikana.com/id/kanji/微?jlpt=1,1108
墓,はか,ボ,"kuburan, makam","墓地【ぼち】pemakaman, kuburan","墓【はか】kuburan, makam","墓石【ぼせき】batu nisan, nisan",https://kanjikana.com/id/kanji/墓?jlpt=1,1337
沖,"おき, おきつ, ちゅう.する, わく",チュウ,"laut lepas, lepas pantai, naik tinggi ke langit","沖【おき】laut lepas, Okinawa","沖合【おきあい】di lepas pantai, lepas pantai, di laut","沖縄【おきなわ】okinawa (kota, prefektur)",https://kanjikana.com/id/kanji/沖?jlpt=1,929
漏,"も.る, も.れる, も.らす",ロウ,"kebocoran, melarikan diri, waktu","漏らす【もらす】membocorkan, memancarkan, membocorkan (rahasia), membocorkan (informasi), mengungkapkan, ...","漏れる【もれる】bocor, melarikan diri, melewati, bersinar melalui, menyaring, ...",雨漏り【あまもり】kebocoran atap,https://kanjikana.com/id/kanji/漏?jlpt=1,1298
鍵,かぎ,ケン,kunci,"鍵【かぎ】kunci, petunjuk",鍵【けん】tuts,鍵盤【けんばん】papan tuts,https://kanjikana.com/id/kanji/鍵?jlpt=1,2029
奮,ふる.う,フン,"mengaduk, tersemangati, berkembang","興奮【こうふん】kegembiraan, stimulasi, kegelisahan, gairah","奮起【ふんき】mengaduk, menggugah diri sendiri","奮闘【ふんとう】usaha keras, perjuangan keras, bekerja keras, perkelahian keras, pertarungan sengit",https://kanjikana.com/id/kanji/奮?jlpt=1,1521
甲,きのえ,"コウ, カン","baju zirah, tinggi, nilai a, kelas pertama, mantan, telapak kaki, cangkang","甲【こう】cangkang, pertama dalam peringkat, kelas A, telapak kaki, punggung tangan, ...","装甲【そうこう】pelapisan baju baja, pelapisan, baju zirah",甲状腺【こうじょうせん】kelenjar tiroid,https://kanjikana.com/id/kanji/甲?jlpt=1,1073
忍,"しの.ぶ, しの.ばせる",ニン,"bertahan, beruang, bertahan dengan, menyembunyikan, mengeluarkan, mata-mata, mengendap-endap","忍耐【にんたい】ketahanan, ketekunan, kesabaran","残忍【ざんにん】kejam, tak berbelas kasih, berdarah dingin","忍ぶ【しのぶ】menyembunyikan diri, bersembunyi, bertahan, menanggung, berdiri, ...",https://kanjikana.com/id/kanji/忍?jlpt=1,1700
尋,"たず.ねる, ひろ",ジン,"menanyakan, mengerti, mencari","尋ねる【たずねる】bertanya, menanyakan, mencari, menyelidiki","尋問【じんもん】mempertanyakan, interogasi, pemeriksaan (saksi)","尋常【じんじょう】umum, biasa",https://kanjikana.com/id/kanji/尋?jlpt=1,1398
桃,もも,トウ,persik,桃【もも】persik (Prunus persica),"桃色【ももいろ】merah muda, warna bunga peach",,https://kanjikana.com/id/kanji/桃?jlpt=1,1784
謀,"はか.る, たばか.る, はかりごと","ボウ, ム","berkomplot, curang, memaksakan pada, rencana, menciptakan, skema, ingat, menipu","参謀【さんぼう】perwira staf, staf militer, penasihat","共謀【きょうぼう】konspirasi, kolusi, keterlibatan","首謀【しゅぼう】merencanakan, perencanaan (kejahatan, intrik), otak pembuat onar, otak-atik, pemimpin (dari sebuah konspirasi)",https://kanjikana.com/id/kanji/謀?jlpt=1,1370
勧,すす.める,"カン, ケン","membujuk, merekomendasikan, nasihat, mendorong, tawaran","勧め【すすめ】rekomendasi, nasihat, saran, dorongan","勧誘【かんゆう】undangan, permintaan, berkampanye, pemikat, persuasi, ...","勧める【すすめる】merekomendasikan, memberi nasihat, mendorong, mendesak, mengusulkan, ...",https://kanjikana.com/id/kanji/勧?jlpt=1,1068
即,"つ.く, つ.ける, すなわ.ち",ソク,"segera, yaitu, apa adanya, patuhi, setuju, beradaptasi","即する【そくする】mematuhi, setuju dengan, disesuaikan dengan, berdasarkan","即ち【すなわち】yaitu, tepat, hanya, tidak ada selain, tidak lebih dan tidak kurang, ...","即時【そくじ】petunjuk, segera, secara langsung",https://kanjikana.com/id/kanji/即?jlpt=1,1167
釣,"つ.る, つ.り, つ.り-",チョウ,"memancing, ikan, tangkap, pesona, jerat","釣り【つり】memancing, kembalian, pemberitaan sensasional, mengganggu, menulis postingan provokatif secara sengaja di internet","釣る【つる】memancing, menangkap, menarik masuk, menggoda, menarik, ...",一本釣り【いっぽんづり】memancing dengan tongkat,https://kanjikana.com/id/kanji/釣?jlpt=1,1542
刀,"かたな, そり",トウ,"pedang, pisau","刀【かたな】katana, pisau bedah, pahat, kapal pemotong es, pengukir, ...",宝刀【ほうとう】pedang berharga,"太刀打ち【たちうち】beradu pedang, bersaing melawan, berjuang dengan, melawan",https://kanjikana.com/id/kanji/刀?jlpt=1,1794
揚,"あ.げる, -あ.げ, あ.がる",ヨウ,"mengangkat, pujian, memuji, menggoreng dalam minyak banyak","浮揚【ふよう】mengambang, flotasi, daya apung, menggairahkan (misalnya ekonomi)","旗揚げ【はたあげ】mengumpulkan tentara, mengibarkan bendera, meluncurkan sebuah grup baru, meluncurkan sebuah bisnis, meluncurkan partai baru","高揚【こうよう】pengangkatan (semangat), peningkatan (semangat), mengangkat, lonjakan",https://kanjikana.com/id/kanji/揚?jlpt=1,1316
堅,"かた.い, -がた.い",ケン,"ketat, keras, padat, tangguh, andal","中堅【ちゅうけん】inti, tulang punggung, andalan, tokoh kunci, tingkat menengah, ...","堅調【けんちょう】perusahaan, optimis, kuat, stabil, suara",堅持【けんじ】berpegang pada,https://kanjikana.com/id/kanji/堅?jlpt=1,1049
幻,まぼろし,ゲン,"fatamorgana, visi, mimpi, ilusi, penampakan","幻【まぼろし】hantu, visi, ilusi, penampakan, sesuatu yang singkat, ...","幻影【げんえい】hantu, visi, ilusi",変幻【へんげん】transformasi,https://kanjikana.com/id/kanji/幻?jlpt=1,1564
菊,,キク,krisan,菊花【きっか】bunga krisan,"野菊【のぎく】krisan liar, aster",白菊【しらぎく】krisan putih,https://kanjikana.com/id/kanji/菊?jlpt=1,1287
郡,こおり,グン,"kabupaten, distrik","郡【ぐん】distrik, kabupaten, gun, komanderi","郡部【ぐんぶ】distrik pedesaan, kabupaten",,https://kanjikana.com/id/kanji/郡?jlpt=1,965
滞,とどこお.る,"タイ, テイ","mandek, tertunda, terlambat, tunggakan","滞る【とどこおる】mengalami stagnasi, ditunda, belum selesai, terlambat (pembayaran), menunggak, ...","滞在【たいざい】tinggal, berdiam","渋滞【じゅうたい】kemacetan lalu lintas, kemacetan total, penundaan, kelesuan",https://kanjikana.com/id/kanji/滞?jlpt=1,1107
貫,"つらぬ.く, ぬ.く, ぬき",カン,"menusuk, 3,74 kg, menembus, mengencangkan","貫く【つらぬく】melewati, menusuk, menembus, mengalir melalui, memegang teguh, ...","一貫【いっかん】konsistensi, koherensi, integrasi, satu kan (sekitar 3,75 kg), sepotong sushi","突貫【とっかん】menyerang (musuh) dengan teriakan, terburu-buru, bekerja dengan kecepatan penuh, penetrasi, tindikan",https://kanjikana.com/id/kanji/貫?jlpt=1,1156
愚,おろ.か,グ,"bodoh, kebodohan, keabsurdan","愚か【おろか】bodoh, konyol","愚痴【ぐち】keluhan yang tidak penting, menggerutu, kebodohan","愚行【ぐこう】tindakan bodoh, kebodohan",https://kanjikana.com/id/kanji/愚?jlpt=1,1551
仁,,"ジン, ニ, ニン","kemanusiaan, kebajikan, kemurahan hati, amal, pria, inti","仁【じん】kemurahan hati (khususnya sebagai kebajikan dalam Konfusianisme), pertimbangan, belas kasihan, kemanusiaan, amal, ...","仁義【じんぎ】kemanusiaan dan keadilan (khususnya dalam Konfusianisme), kebajikan, tugas, salam formal, kode moral geng","仁王【におう】dua raja Deva, dewa penjaga dalam agama Buddha yang berdiri di pintu masuk kuil Buddha",https://kanjikana.com/id/kanji/仁?jlpt=1,1332
拐,,カイ,"menculik, memalsukan",誘拐【ゆうかい】penculikan,誘拐犯【ゆうかいはん】penculik,,https://kanjikana.com/id/kanji/拐?jlpt=1,1498
遂,"と.げる, つい.に",スイ,"sempurna, capai, mencapai, bunuh diri","やり遂げる【やりとげる】mencapai, menyelesaikan, melaksanakan, menindaklanjuti","遂げる【とげる】untuk mencapai, mencapai, melaksanakan, mencapai (hasil tertentu), datang ke, ...","未遂【みすい】percobaan gagal (kejahatan, bunuh diri, dll.)",https://kanjikana.com/id/kanji/遂?jlpt=1,1423
胞,,ホウ,"plasenta, kantong, sarung",細胞【さいぼう】sel,胞子【ほうし】spora,卵胞【らんぽう】folikel ovarium,https://kanjikana.com/id/kanji/胞?jlpt=1,1379
騎,,キ,"ekuestrian, mengendarai kuda, penghitung untuk peserta berkuda","騎士【きし】ksatria, samurai berkuda","騎手【きしゅ】penunggang kuda, pengendara, joki","一騎打ち【いっきうち】pertarungan pribadi, pertarungan satu lawan satu",https://kanjikana.com/id/kanji/騎?jlpt=1,1696
嫁,"よめ, とつ.ぐ, い.く, ゆ.く",カ,"menikah dengan, pengantin wanita",花嫁【はなよめ】pengantin wanita,"嫁【よめ】pengantin wanita, menantu perempuan, istri","転嫁【てんか】imputasi, mengalihkan (kesalahan, tanggung jawab, dll.), lempar tanggung jawab, pernikahan kedua, pernikahan kembali",https://kanjikana.com/id/kanji/嫁?jlpt=1,1581
紫,むらさき,シ,ungu,"紫【むらさき】ungu, ungu gromwell (Lithospermum erythrorhizon), ungu merah, gromwell akar merah, kecap asin","紫外線【しがいせん】sinar ultraviolet, radiasi ultraviolet",紫色【むらさきいろ】ungu,https://kanjikana.com/id/kanji/紫?jlpt=1,1516
嬢,むすめ,ジョウ,"gadis, nyonya, putri","嬢【じょう】wanita lajang, nyonya, -ita, -et","お嬢さん【おじょうさん】anak perempuan (orang lain), gadis muda","お嬢様【おじょうさま】anak perempuan (orang lain), nyonya, wanita yang tidak pernah mengalami kesulitan, wanita naif",https://kanjikana.com/id/kanji/嬢?jlpt=1,2059
斎,"とき, つつし.む, ものいみ, い.む, いわ.う, いつ.く",サイ,"pemurnian, makanan buddha, kamar, sembahyang, hindari, sama","書斎【しょさい】belajar, perpustakaan, sarang, kantor rumah, ruang baca","斎場【さいじょう】gedung pemakaman, lokasi upacara",斎【とき】makanan yang dipertukarkan oleh umat paroki dan imam,https://kanjikana.com/id/kanji/斎?jlpt=1,1155
懐,"ふところ, なつ.かしい, なつ.かしむ, なつ.く, なつ.ける, なず.ける, いだ.く, おも.う","カイ, エ","perasaan, jantung, merindukan, merindukan seseorang, menjadi terikat dengan, dada, payudara, saku","懐かしい【なつかしい】sayang (tua), dikenang dengan sayang, tercinta, terlewatkan, nostalgia","懐疑【かいぎ】keraguan, skeptisisme, ketidakpercayaan","懐かしむ【なつかしむ】merindukan (seseorang, sesuatu), merindukan",https://kanjikana.com/id/kanji/懐?jlpt=1,1493
範,,ハン,"pola, contoh, model","模範【もはん】contoh, model, pola","範囲【はんい】jangkauan, cakupan, bola, jangka waktu","広範【こうはん】lebar, luas, komprehensif, berjangkauan luas",https://kanjikana.com/id/kanji/範?jlpt=1,1088
弥,"や, いや, いよ.いよ, わた.る","ミ, ビ","lebih lagi, semakin","弥勒【みろく】Maitreya (Bodhisattva), Miroku","弥生【やよい】bulan ketiga dari kalender lunar, periode yayoi (sekitar 300 sm-300 m), budaya Yayoi, pertumbuhan yang lebat","阿弥陀【あみだ】Amitabha (Buddha), amida, lotre tangga hantu, tangga lotre, lotere di mana peserta menggambar garis melintasi pola kisi untuk menentukan pemenang, ...",https://kanjikana.com/id/kanji/弥?jlpt=1,1687
憲,,ケン,"konstitusi, hukum","憲法【けんぽう】konstitusi, aturan, peraturan",違憲【いけん】inkonstitusionalitas,憲章【けんしょう】piagam,https://kanjikana.com/id/kanji/憲?jlpt=1,551
添,"そ.える, そ.う",テン,"dianeksasi, mendampingi, menikah, jas, bertemu, memuaskan, melampirkan, tambahkan, hiasan, meniru","添える【そえる】menghias, menyertai, menambahkan sebagai dukungan, menopang, mendampingi, ...","付き添い【つきそい】kehadiran, pengawasan, pelayan, pengawalan, kelompok pengiring, ...",食品添加物【しょくひんてんかぶつ】aditif makanan,https://kanjikana.com/id/kanji/添?jlpt=1,1501
亀,かめ,"キ, キュウ, キン",kura-kura,"亀【かめ】kura-kura, peminum berat, lambang kura-kura",亀甲【きっこう】cangkang kura-kura,"亀裂【きれつ】retak, celah, retakan, bab",https://kanjikana.com/id/kanji/亀?jlpt=1,1353
暑,あつ.い,ショ,"lembab, panas, panas musim panas","蒸し暑い【むしあつい】lembap, panas dan lembap","暑い【あつい】panas, hangat, panas dan lembap, dipanaskan, penuh gairah, ...","暑さ【あつさ】panas, kepanasan",https://kanjikana.com/id/kanji/暑?jlpt=1,1442
惨,"みじ.め, いた.む, むご.い","サン, ザン","hina, bencana, kekejaman, kasar","悲惨【ひさん】bencana, tragis, sengsara, hina, menyedihkan","惨め【みじめ】sengsara, tidak bahagia, sedih, menyedihkan","惨事【さんじ】bencana, tragedi, insiden tragis, kecelakaan mengerikan",https://kanjikana.com/id/kanji/惨?jlpt=1,1463
娠,,シン,"hamil, kehamilan","妊娠【にんしん】kehamilan, konsepsi",,,https://kanjikana.com/id/kanji/娠?jlpt=1,1623
獣,"けもの, けだもの",ジュウ,"hewan, binatang buas","獣【けもの】binatang buas, kasar, hewan, hewan dengan karakteristik manusia",怪獣【かいじゅう】monster,"獣【しし】binatang (terutama yang digunakan untuk dagingnya, seperti babi hutan atau rusa), berburu",https://kanjikana.com/id/kanji/獣?jlpt=1,1714
陥,"おちい.る, おとしい.れる",カン,"runtuh, jatuh ke dalam, jatuh (kastil), meluncur ke","欠陥【けっかん】cacat, kesalahan, kekurangan, celah","陥落【かんらく】penurunan tanah, tenggelam, runtuhan, runtuh, jatuh ke dalam, ...","陥没【かんぼつ】runtuhan, runtuh, tenggelam, depresi (misalnya pada tengkorak), penurunan tanah",https://kanjikana.com/id/kanji/陥?jlpt=1,1154
潮,"しお, うしお",チョウ,"pasang, air asin, kesempatan","潮【しお】pasang, arus, air laut, kesempatan, sup tipis dari ikan atau kerang yang direbus dalam air laut","風潮【ふうちょう】pasang, arus, kecenderungan, tren","潮流【ちょうりゅう】pasang, arus pasang surut, kecenderungan, mengambang, tren",https://kanjikana.com/id/kanji/潮?jlpt=1,1231
狂,"くる.う, くる.おしい, くるお.しい",キョウ,"gila, bingung","狂う【くるう】gila, kehilangan akal, menjadi gila, rusak, salah arah, ...","狂言【きょうげん】kyogen, farsa yang dipresentasikan di antara drama noh atau selama interlude dari sebuah drama noh, drama kabuki, pertunjukan kabuki, berpura-pura, ...","熱狂【ねっきょう】antusiasme liar, gila akan",https://kanjikana.com/id/kanji/狂?jlpt=1,1425
紛,"まぎ.れる, -まぎ.れ, まぎ.らす, まぎ.らわす, まぎ.らわしい",フン,"mengalihkan perhatian, disalahartikan sebagai, tersesat, mengalihkan","紛争【ふんそう】perselisihan, konflik, masalah","紛失【ふんしつ】kehilangan, menghilang","紛らわしい【まぎらわしい】mudah tertukar (misalnya kata-kata yang serupa), mudah salah, membingungkan, menyesatkan, samar",https://kanjikana.com/id/kanji/紛?jlpt=1,994
縄,"なわ, ただ.す",ジョウ,"tali jerami, tali","縄【なわ】tali, tali polisi","縄文【じょうもん】pola tali jerami yang ditekan pada tembikar, periode jōmon (sekitar 14000-1000 sm)","一筋縄【ひとすじなわ】tali, metode biasa",https://kanjikana.com/id/kanji/縄?jlpt=1,1075
畑,"はた, はたけ, -ばたけ",,"pertanian, lapangan, taman, keahlian seseorang, (tidak ada karakter)","畑【はたけ】ladang, lahan pertanian, lahan sayuran, kebun dapur, perkebunan, ...",田畑【たはた】sawah (padi dan tanaman lainnya),"桑畑【くわばたけ】ladang murbei, perkebunan murbei",https://kanjikana.com/id/kanji/畑?jlpt=1,1176
絞,"しぼ.る, し.める, し.まる",コウ,"mencekik, membatasi, memeras","絞る【しぼる】memeras (handuk, lap), memeras, menekan, mengekstrak, memerah susu, ...","絞り【しぼり】jumputan, pewarnaan ikat, bukaan, bukaan diafragma, berhenti, ...","絞殺【こうさつ】pembekapan, mencekik",https://kanjikana.com/id/kanji/絞?jlpt=1,1288
随,"まにま.に, したが.う",ズイ,"mengikuti, meskipun, sementara, selama, keduanya, semua, patuhi, menyerahkan kepada, di belas kasihan (ombak)","随筆【ずいひつ】esai, tulisan-tulisan beraneka ragam, catatan sastra","随分【ずいぶん】sangat, mengejutkan, mengerikan, hina, tercela, ...","随時【ずいじ】bila perlu, sesuai kebutuhan, kapan saja, setiap saat",https://kanjikana.com/id/kanji/随?jlpt=1,1396
班,,ハン,"regu, korps, satuan, kelompok","班【はん】kelompok, pesta, tim, skuad, bagian","首班【しゅはん】kepala, pemimpin, perdana menteri",班員【はんいん】anggota kelompok,https://kanjikana.com/id/kanji/班?jlpt=1,1592
糖,,トウ,gula,砂糖【さとう】gula,糖【とう】gula,血糖値【けっとうち】kadar gula darah,https://kanjikana.com/id/kanji/糖?jlpt=1,1471
雰,,フン,"atmosfer, kabut","雰囲気【ふんいき】atmosfer, suasana hati, suasana, aura, merasa, ...",,,https://kanjikana.com/id/kanji/雰?jlpt=1,1341
斉,"そろ.う, ひと.しい, ひと.しく, あたる, はやい","セイ, サイ","disesuaikan, sama, variasi serupa dari","一斉【いっせい】serentak, sekaligus","斉唱【せいしょう】menyanyi serempak, menyanyikan secara serempak",,https://kanjikana.com/id/kanji/斉?jlpt=1,1209
幽,"ふか.い, かす.か, くら.い, しろ.い",ユウ,"menyendiri, mengurung di sebuah kamar, dalam, terpencil, pingsan, gelap, tenang","幽霊【ゆうれい】hantu, spektra, penampakan","幽閉【ゆうへい】pengurungan, penjara",,https://kanjikana.com/id/kanji/幽?jlpt=1,1996
俳,,ハイ,"haiku, aktor","俳句【はいく】haiku, puisi 17 mora, biasanya dalam 3 baris dengan 5, 7, dan 5 mora","俳優【はいゆう】aktor, aktris, pemain, penampil",俳人【はいじん】penyair haiku,https://kanjikana.com/id/kanji/俳?jlpt=1,1137
紋,,モン,"lambang keluarga, angka",指紋【しもん】sidik jari,"紋【もん】lambang keluarga, lambang, pola, angka, setelan kartu bermain (dalam karuta)",声紋【せいもん】sidik suara,https://kanjikana.com/id/kanji/紋?jlpt=1,1519
覆,"おお.う, くつがえ.す, くつがえ.る",フク,"terbalik, sampul, bayangan, mantel, rusak","覆す【くつがえす】membatalkan, terbalik, mengganggu, menggulingkan (pemerintahan, dll.), menyangkal (teori yang telah ditetapkan, dll.)","覆面【ふくめん】topeng, selubung, penyamaran, anonim, tanpa tanda, ...","覆う【おおう】menutupi, bersembunyi, menyembunyikan, membungkus, menyamar",https://kanjikana.com/id/kanji/覆?jlpt=1,1378
狩,"か.る, か.り, -が.り",シュ,"berburu, pencarian, mengumpulkan","狩り【かり】berburu, panen (misalnya buah beri, buah), memetik, pertemuan",狩猟【しゅりょう】berburu,狩人【かりゅうど】pemburu,https://kanjikana.com/id/kanji/狩?jlpt=1,1785
虎,とら,コ,"harimau, pemabuk","虎【とら】harimau (panthera tigris), pemabuk, mabuk, diare",,,https://kanjikana.com/id/kanji/虎?jlpt=1,1653
託,"かこつ.ける, かこ.つ, かこ.つける",タク,"menyerahkan, meminta, mempercayakan dengan, berpura-pura, petunjuk","信託【しんたく】percaya, mempercayakan, meninggalkan dalam kepercayaan seseorang","委託【いたく】mempercayakan (sesuatu kepada seseorang), konsinyasi (barang), menyerahkan kepada seseorang, kepercayaan, komisi","受託【じゅたく】dipercayakan dengan, mengambil alih",https://kanjikana.com/id/kanji/託?jlpt=1,1021
廷,,テイ,"pengadilan, pengadilan kekaisaran, kantor pemerintahan","法廷【ほうてい】pengadilan, ruang sidang","宮廷【きゅうてい】pengadilan kekaisaran, pengadilan kerajaan",閉廷【へいてい】menunda sidang,https://kanjikana.com/id/kanji/廷?jlpt=1,1439
狭,"せま.い, せば.める, せば.まる, さ","キョウ, コウ","sempit, kontrak, ketat","狭い【せまい】sempit, terbatas, kecil, sempit pikiran, membatasi",狭心症【きょうしんしょう】angina pektoris,"狭き門【せまきもん】pintu sempit (dalam Alkitab), gerbang sempit, penghalang tinggi, rintangan sulit, kesulitan, ...",https://kanjikana.com/id/kanji/狭?jlpt=1,1346
穂,ほ,スイ,"telinga, tangkai gandum, kepala, puncak gelombang","穂【ほ】bulir, kepala, lonjakan, ujung, tip, ...",稲穂【いなほ】tangkai padi,,https://kanjikana.com/id/kanji/穂?jlpt=1,1656
諦,"あきら.める, つまびらか, まこと","テイ, タイ","kebenaran, kejelasan, mengabaikan, menyerah","諦める【あきらめる】menyerah, meninggalkan, menerima dengan pasrah (terhadap)",,,https://kanjikana.com/id/kanji/諦?jlpt=1,2457
賊,,ゾク,"pencuri, pemberontak, pengkhianat, perampok",海賊【かいぞく】bajak laut,"海賊版【かいぞくばん】edisi bajakan, versi bajakan, salinan bajakan","賊【ぞく】pencuri, perampok, pemberontak, pengkhianat",https://kanjikana.com/id/kanji/賊?jlpt=1,2045
翼,つばさ,ヨク,"sayap, pesawat, flank","翼【つばさ】sayap, konstelasi ""sayap"" tionghoa (salah satu dari 28 mansion), penghitung burung atau sayap burung","右翼【うよく】sayap kanan (politik), kelompok sayap kanan ekstrem, sayap kanan, bidang kanan, sisi kanan, ...","左翼【さよく】sayap kiri, sisi kiri, luar lapangan kiri",https://kanjikana.com/id/kanji/翼?jlpt=1,1201
覧,み.る,ラン,"pemeriksaan, lihat","閲覧【えつらん】inspeksi, membaca, penelaahan, menjelajah (web)",観覧【かんらん】tayangan,"ご覧【ごらん】(coba) untuk, (tolong) lihat, melihat, menonton",https://kanjikana.com/id/kanji/覧?jlpt=1,1510
酷,ひど.い,コク,"kejam, parah, mengerikan, tidak adil","残酷【ざんこく】kejam, tak berbelas kasih, tidak manusiawi","冷酷【れいこく】kekejaman, tak kenal lelah, kejam","酷似【こくじ】sangat mirip, menunjukkan kemiripan yang kuat",https://kanjikana.com/id/kanji/酷?jlpt=1,1596
敏,さとい,ビン,"kecerdasan, tangkas, peringatan","敏感【びんかん】sensitif, peringatan, sadar, mudah terpengaruh","過敏【かびん】kegugupan, kepekaan berlebihan","機敏【きびん】pintar, cerdik, pandai, cepat tanggap, peringatan, ...",https://kanjikana.com/id/kanji/敏?jlpt=1,1042
拘,かか.わる,コウ,"penangkapan, mengambil, khawatir, patuhi, meskipun","拘束【こうそく】pembatasan, ikatan, keterbatasan","拘置【こうち】tahanan, pengurungan, penangkapan","拘禁【こうきん】tahanan, penahanan",https://kanjikana.com/id/kanji/拘?jlpt=1,1336
慰,"なぐさ.める, なぐさ.む",イ,"penghiburan, hiburan, menggoda, bersorak, mencemooh, kenyamanan, konsol",慰める【なぐさめる】menghibur,"慰安【いあん】penghiburan, relaksasi",慰霊【いれい】menghibur arwah orang mati,https://kanjikana.com/id/kanji/慰?jlpt=1,1158
縦,たて,ジュウ,"vertikal, panjang, tinggi, mementingkan diri sendiri, bandel","操縦【そうじゅう】kemudi, menerbangkan pesawat, terbang, kontrol, operasi, ...","縦【たて】vertikal, tinggi, depan ke belakang, panjang, utara-ke-selatan, ...","縦横【じゅうおう】panjang dan lebar, memanjang dan melintang, garis bujur dan garis lintang, vertikal dan horizontal, empat mata angin, ...",https://kanjikana.com/id/kanji/縦?jlpt=1,1258
項,うなじ,コウ,"paragraf, pangkal leher, klausa, barang, istilah (ekspresi)","事項【じこう】benda, barang, fakta","項目【こうもく】barang, judul, kategori, klausa, kata entri, ...","条項【じょうこう】klausa, artikel, ketentuan",https://kanjikana.com/id/kanji/項?jlpt=1,884
渋,"しぶ, しぶ.い, しぶ.る","ジュウ, シュウ","astringen, ragu-ragu, enggan, diare","渋い【しぶい】astringen, pahit, asam, kasar, keras, ...","渋滞【じゅうたい】kemacetan lalu lintas, kemacetan total, penundaan, kelesuan","苦渋【くじゅう】kepahitan, kesulitan, nyeri, kesedihan, penderitaan, ...",https://kanjikana.com/id/kanji/渋?jlpt=1,1011
眼,"まなこ, め","ガン, ゲン",bola mata,眼科【がんか】oftalmologi,眼球【がんきゅう】bola mata,"主眼【しゅがん】tujuan utama, fokus, poin utama, intisari, esensi",https://kanjikana.com/id/kanji/眼?jlpt=1,1527
孝,,"コウ, キョウ","bakti anak, hormat anak","孝行【こうこう】bakti anak, menunjukkan pengabdian (kepada seseorang)","親孝行【おやこうこう】bakti anak, berbuat baik kepada orang tua, merawat orang tua",忠孝【ちゅうこう】kesetiaan dan bakti kepada orang tua,https://kanjikana.com/id/kanji/孝?jlpt=1,1030
妃,きさき,ヒ,"ratu, puteri","王妃【おうひ】ratu, kaisar wanita","妃【ひ】putri, konsorsium",皇太子妃【こうたいしひ】putri mahkota,https://kanjikana.com/id/kanji/妃?jlpt=1,1752
旗,はた,キ,"bendera nasional, spanduk, standar",旗【はた】bendera,国旗【こっき】bendera nasional,"旗印【はたじるし】desain (pada spanduk), lambang (pada bendera), lambang, panji (misalnya, dari demokrasi), slogan, ...",https://kanjikana.com/id/kanji/旗?jlpt=1,1190
虐,しいた.げる,ギャク,"mengtirani, menindas","残虐【ざんぎゃく】kejam, buas","暴虐【ぼうぎゃく】tirani, kekejaman","自虐【じぎゃく】penyiksaan diri sendiri, masokisme, menyakiti diri sendiri",https://kanjikana.com/id/kanji/虐?jlpt=1,1464
貢,みつ.ぐ,"コウ, ク","penghormatan, dukungan, keuangan","貢献【こうけん】kontribusi (mendukung tujuan atau penyebab), jasa (untuk sebuah tujuan), memberi penghormatan, penghormatan",朝貢【ちょうこう】membawa persembahan,,https://kanjikana.com/id/kanji/貢?jlpt=1,956
繁,"しげ.る, しげ.く",ハン,"mewah, tebal, terlalu tumbuh, frekuensi, kompleksitas, masalah","繁殖【はんしょく】pembiakan, perambatan, reproduksi, perkalian, meningkatkan","頻繁【ひんぱん】sering, tak henti-hentinya","繁栄【はんえい】kemakmuran, makmur, maju",https://kanjikana.com/id/kanji/繁?jlpt=1,1198
阻,はば.む,ソ,"menggagalkan, terpisah dari, mencegah, menghalangi, menghambat","阻止【そし】penghalang, periksa, hambatan, pencegahan, larangan, ...","阻む【はばむ】mencegah seseorang dari melakukan, menghentikan, mencegah, memeriksa, menghambat, ...","阻害【そがい】penghalang, hambatan, penghambatan, memblokir, periksa",https://kanjikana.com/id/kanji/阻?jlpt=1,1280
稿,"わら, したがき",コウ,"draf, salin, naskah, jerami","原稿【げんこう】naskah, salin, draf, catatan, kontribusi","投稿【とうこう】kontribusi, pengajuan, pos","原稿用紙【げんこうようし】kertas tulis Jepang (dibaris dengan kotak-kotak, satu kotak per karakter), kertas manuskrip",https://kanjikana.com/id/kanji/稿?jlpt=1,1400
麗,"うるわ.しい, うら.らか",レイ,"menawan, indah, anggun, berseri-seri","流麗【りゅうれい】fasih, mengalir, anggun","壮麗【そうれい】kemegahan, kesombongan, keagungan","美辞麗句【びじれいく】kata-kata berbunga, pernak-pernik retoris",https://kanjikana.com/id/kanji/麗?jlpt=1,1758
匠,たくみ,ショウ,"pengrajin, tukang, tukang kayu","師匠【ししょう】tuan, guru, pemimpin kandang","巨匠【きょしょう】tuan, tangan master, maestro","匠【たくみ】tukang, pengrajin, tukang kayu, kerajinan, keterampilan, ...",https://kanjikana.com/id/kanji/匠?jlpt=1,1718
玄,"くろ, くろ.い",ゲン,"misterius, kegaiban, hitam, dalam, mendalam","玄人【くろうと】ahli, profesional, tuan, wanita di bisnis kehidupan malam, wanita penghibur, ...","玄関【げんかん】pintu masuk, pintu depan, aula masuk, vestibul, teras, ...","玄米【げんまい】beras merah, beras mentah",https://kanjikana.com/id/kanji/玄?jlpt=1,1409
熊,くま,ユウ,beruang,"熊手【くまで】garu, garpu, penggaruk bambu","穴熊【あなぐま】luwak, luak erasia (meles meles), pembukaan bertahan untuk shogi",熊【くま】beruang,https://kanjikana.com/id/kanji/熊?jlpt=1,1105
璧,たま,ヘキ,bola,"完璧【かんぺき】sempurna, lengkap",,,https://kanjikana.com/id/kanji/璧?jlpt=1,null
堀,ほり,クツ,"parit, kanal","堀【ほり】parit, kanal",堀江【ほりえ】kanal,堀川【ほりかわ】kanal,https://kanjikana.com/id/kanji/堀?jlpt=1,1285
懲,"こ.りる, こ.らす, こ.らしめる",チョウ,"hukuman, mencela, menghukum, disiplin","懲りる【こりる】belajar dari pengalaman, mendapat pelajaran, belajar dengan cara yang sulit, merasa putus asa (oleh), mempunyai cukup, ...","懲戒【ちょうかい】disiplin, hukuman, teguran","懲罰【ちょうばつ】disiplin, hukuman, teguran",https://kanjikana.com/id/kanji/懲?jlpt=1,1303
巣,"す, す.くう",ソウ,"sarang, koloni sarang, sarang lebah, jaring laba-laba, denmark","巣【す】sarang, koloni sarang, tempat berkembang biak, sarang lebah, gua, ...","古巣【ふるす】tempat lama, rumah-rumah lama",卵巣【らんそう】ovarium,https://kanjikana.com/id/kanji/巣?jlpt=1,1588
熟,う.れる,ジュク,"lembut, matang, dewasa, mendapatkan keahlian","熟語【じゅくご】senyawa kanji, idiom, frasa idiomatik","成熟【せいじゅく】kedewasaan, kematangan","熟知【じゅくち】mengenal dengan baik, memiliki pengetahuan yang mendalam tentang, menjadi terinformasi dengan baik tentang",https://kanjikana.com/id/kanji/熟?jlpt=1,1415
稲,"いね, いな-","トウ, テ",tanaman padi,稲【いね】tanaman padi (Oryza sativa),"稲作【いなさく】budidaya padi, tanaman padi",水稲【すいとう】padi sawah,https://kanjikana.com/id/kanji/稲?jlpt=1,1038
邸,やしき,テイ,"tempat tinggal, rumah besar","邸宅【ていたく】rumah (besar), tempat tinggal, rumah besar",官邸【かんてい】kediaman resmi,公邸【こうてい】kediaman resmi,https://kanjikana.com/id/kanji/邸?jlpt=1,905
暖,"あたた.か, あたた.かい, あたた.まる, あたた.める","ダン, ノン",kehangatan,"温暖【おんだん】hangat, ringan, sedang",暖房【だんぼう】pemanasan (dalam ruangan),"暖かい【あたたかい】hangat, ringan, (panas) menyenangkan, penuh perhatian, baik, ...",https://kanjikana.com/id/kanji/暖?jlpt=1,1371
烈,はげ.しい,レツ,"bersemangat, kekerasan, marah, parah, ekstrem","猛烈【もうれつ】ganas, intens, parah, kekerasan, kuat, ...","強烈【きょうれつ】kuat, intens, parah","痛烈【つうれつ】parah, pahit, menyengat",https://kanjikana.com/id/kanji/烈?jlpt=1,1397
呪,"まじな.う, のろ.い, まじな.い, のろ.う","ジュ, シュ, シュウ, ズ","mantra, kutukan, pesona, sumpah","呪文【じゅもん】mengucapkan, pesona, mantra, kata ajaib","呪い【のろい】kutukan, ejaan","呪い【まじない】pesona, mantra, mengeja, kutukan",https://kanjikana.com/id/kanji/呪?jlpt=1,2131
遇,あ.う,グウ,"bertemu, pertemuan, wawancara, perlakukan, menghibur, menerima, menghadapi","待遇【たいぐう】perawatan, resepsi, layanan, kondisi kerja, gaji, ...","境遇【きょうぐう】keadaan seseorang, lingkungan, situasi (dalam kehidupan)","優遇【ゆうぐう】perlakuan yang menguntungkan, perhotelan, sambutan hangat, perawatan yang baik, selamat datang yang hangat",https://kanjikana.com/id/kanji/遇?jlpt=1,1343
鑑,"かんが.みる, かがみ",カン,"spesimen, ambil peringatan dari, belajar dari","印鑑【いんかん】cap, segel","年鑑【ねんかん】buku tahunan, almanak, tahunan","図鑑【ずかん】buku bergambar, buku gambar, buku referensi berilustrasi, buku panduan identifikasi, panduan lapangan",https://kanjikana.com/id/kanji/鑑?jlpt=1,1391
購,,コウ,"langganan, beli","購読【こうどく】membeli dan membaca (buku, majalah, dll.), berlangganan (termasuk langganan gratis), mengambil (mis. koran)","購買【こうばい】pengadaan, pembelian, membeli, toko sekolah, koperasi, ...","購入【こうにゅう】pembelian, beli",https://kanjikana.com/id/kanji/購?jlpt=1,945
呂,せぼね,"ロ, リョ","tulang belakang, tulang punggung","風呂【ふろ】mandi, bak mandi, kamar mandi, rumah mandi, pemandian umum, ...",お風呂【おふろ】mandi,"呂【りょ】rentang bass (dalam musik Jepang), enam nada bernomor genap dari skala kromatik kuno, Tangga nada tujuh nada gagaku Jepang mirip dengan modus Mixolydian (berkaitan dengan: re, mi, fa, so, la, ti, do)",https://kanjikana.com/id/kanji/呂?jlpt=1,2055
殊,こと,シュ,"terutama, secara luar biasa","特殊【とくしゅ】khusus, aneh, unik",特殊法人【とくしゅほうじん】perusahaan setengah pemerintah,"殊勲【しゅくん】layanan terkemuka, tindakan berjasa",https://kanjikana.com/id/kanji/殊?jlpt=1,1361
彩,いろど.る,サイ,"mewarnai, cat, rias wajah","色彩【しきさい】warna, semir","多彩【たさい】berwarna-warni, beraneka warna, berbagai, beragam, beraneka ragam, ...",油彩【ゆさい】lukisan minyak,https://kanjikana.com/id/kanji/彩?jlpt=1,1251
賭,"か.ける, かけ",ト,"berjudi, taruhan","賭ける【かける】bertaruh, mengambil risiko, memertaruhkan, berjudi","賭け【かけ】taruhan, berjudi",賭博【とばく】perjudian,https://kanjikana.com/id/kanji/賭?jlpt=1,1989
薦,すす.める,セン,"merekomendasikan, tikar, nasihat, mendorong, tawaran","推薦【すいせん】rekomendasi, rujukan, dukungan","自薦【じせん】rekomendasi diri, nominasi diri, mengajukan diri",他薦【たせん】rekomendasi (oleh orang lain),https://kanjikana.com/id/kanji/薦?jlpt=1,1082
隔,"へだ.てる, へだ.たる",カク,"mengisolasi, bergantian, jarak, pisahkan, teluk",隔週【かくしゅう】setiap dua minggu,隔たる【へだたる】menjauh,"間隔【かんかく】ruang angkasa, interval, karakter spasi, spasi putih",https://kanjikana.com/id/kanji/隔?jlpt=1,1382
唱,とな.える,ショウ,"nyanyian, mengucapkan, memanggil, berteriak","合唱【がっしょう】bernyanyi bersama, paduan suara, nyanyian ansambel, menyanyi koor","唱える【となえる】mengucapkan, membaca mantera, menangis, berteriak, mendukung, ...","合唱団【がっしょうだん】grup paduan suara, paduan suara",https://kanjikana.com/id/kanji/唱?jlpt=1,1123
序,"つい.で, ついで",ジョ,"prakata, permulaan, pesan, kedahuluan, kesempatan, secara kebetulan","秩序【ちつじょ】pesan, disiplin, keteraturan, sistem, metode","順序【じゅんじょ】pesan, urutan, prosedur","序盤【じょばん】pembukaan, tahap awal, fase awal, permulaan",https://kanjikana.com/id/kanji/序?jlpt=1,1160
尉,,"イ, ジョウ","perwira militer, sipir, orang tua laki-laki, peringkat","大尉【たいい】kapten, letnan laut, letnan penerbang","中尉【ちゅうい】letnan satu, letnan dua","一尉【いちい】kapten (JASDF, JGSDF), letnan satu (tingkat senior; JMSDF)",https://kanjikana.com/id/kanji/尉?jlpt=1,2007
俊,,シュン,"bijaksana, jenius, keunggulan","俊足【しゅんそく】kecepatan kaki, pelari cepat, kuda yang gesit, kuda cepat, orang yang sangat berbakat, ...","英俊【えいしゅん】jenius, anak ajaib","俊英【しゅんえい】keunggulan, jenius",https://kanjikana.com/id/kanji/俊?jlpt=1,1007
凶,,キョウ,"penjahat, jahat, sial, bencana","凶作【きょうさく】panen buruk, tanaman buruk","元凶【げんきょう】otoritas, tersangka utama, penyebab utama, sumber","大凶【だいきょう】nasib buruk, sangat sial",https://kanjikana.com/id/kanji/凶?jlpt=1,1673
柳,やなぎ,リュウ,pohon willow,"川柳【せんりゅう】senryu, haiku komik, puisi tujuh belas suku kata yang lucu","青柳【あおやぎ】willow hijau (yaitu yang telah bertunas), daging kerang cangkang (Mactra chinensis)",花柳【かりゅう】distrik lampu merah,https://kanjikana.com/id/kanji/柳?jlpt=1,1169
惜,"お.しい, お.しむ",セキ,"kasihan, berhemat, hemat, pelit, penyesalan","惜しむ【おしむ】berhemat, menghargai, menyesali, merasa menyesal, tidak mau, ...","惜しい【おしい】menyesal, mengecewakan, naas, berharga, sayang, ...","惜敗【せきはい】kekalahan yang disesalkan, kalah dengan selisih tipis",https://kanjikana.com/id/kanji/惜?jlpt=1,1641
恨,"うら.む, うら.めしい",コン,"penyesalan, mendendam, dendam, kebencian","恨む【うらむ】membenci, menyalahkan, mengutuk, merasa pahit terhadap","恨み【うらみ】kebencian, dendam, kepahitan, penyesalan","痛恨【つうこん】penyesalan mendalam, kesedihan besar, dukacita yang pahit",https://kanjikana.com/id/kanji/恨?jlpt=1,1877
倫,,リン,"etika, teman","倫理【りんり】etika, moral",倫理的【りんりてき】etis,"倫理学【りんりがく】etika, filsafat moral",https://kanjikana.com/id/kanji/倫?jlpt=1,1322
仰,"あお.ぐ, おお.せ, お.っしゃる, おっしゃ.る","ギョウ, コウ","terlentang, mencari, bergantung, hormat, menghormati, minum, mengambil","信仰【しんこう】iman (agama), keyakinan","仰ぐ【あおぐ】melihat ke atas, mengagumi, menghormati, meminta (misalnya, bimbingan), mencari, ...",仰向け【あおむけ】menghadap ke atas,https://kanjikana.com/id/kanji/仰?jlpt=1,1573
泰,,タイ,"damai, tenang, kedamaian, mudah, Thailand, ekstrem, berlebihan, hebat","安泰【あんたい】damai, keamanan, ketenangan","泰然【たいぜん】tenang, terdiri, teguh",泰【タイ】Thailand,https://kanjikana.com/id/kanji/泰?jlpt=1,1281
洞,ほら,ドウ,"denmark, gua, penggalian",洞窟【どうくつ】gua,"空洞【くうどう】gua, berongga, rongga","洞察【どうさつ】pemahaman, wawasan",https://kanjikana.com/id/kanji/洞?jlpt=1,1618
漫,"みだり.に, そぞ.ろ",マン,"kartun, secara tidak sengaja, tak terkendali, meskipun tidak disengaja, korup","漫画【まんが】kartun, komik, komik strip, manga","漫画家【まんがか】kartunis, artis buku komik, seniman manga, penulis manga, mangaka","放漫【ほうまん】selera humor, kelonggaran, ketidakbijaksanaan",https://kanjikana.com/id/kanji/漫?jlpt=1,1408
胆,きも,タン,"kantong empedu, keberanian, memetik, urat saraf","大胆【だいたん】tebal, online, berani","落胆【らくたん】kekecewaan, keputusasaan, kesedihan",胆石【たんせき】batu empedu,https://kanjikana.com/id/kanji/胆?jlpt=1,1449
扉,とびら,ヒ,"pintu depan, halaman judul, halaman depan","扉【とびら】pintu, gerbang, pembukaan, halaman judul",門扉【もんぴ】pintu gerbang,,https://kanjikana.com/id/kanji/扉?jlpt=1,1866
掲,かか.げる,ケイ,"menggantung (sebuah pemberitahuan), pasang, angkat, tampilan, nongkrong, terbitkan, menggambarkan","掲示【けいじ】pemberitahuan, buletin, pos, plakat","掲揚【けいよう】pengibaran (misalnya bendera), mengangkat, terbang, mendirikan","掲げる【かかげる】memasang (pemberitahuan, tanda, dll.), menggantungkan (misalnya spanduk), mengibarkan, mengangkat, menampilkan, ...",https://kanjikana.com/id/kanji/掲?jlpt=1,899
緩,"ゆる.い, ゆる.やか, ゆる.む, ゆる.める",カン,"melonggarkan, santai, kurangi, bersikaplah moderat, kemudahan","緩和【かんわ】lega, mitigasi, peredaan, relaksasi (pembatasan, ketegangan, dll.), meredakan, ...","緩やか【ゆるやか】longgar, landai, lambat, liberal","緩む【ゆるむ】menjadi longgar, melonggarkan (misalnya tali), menjadi kurang tegang, bersantai, menurunkan kewaspadaan, ...",https://kanjikana.com/id/kanji/緩?jlpt=1,933
裸,はだか,ラ,"telanjang, terbuka, sebagian berpakaian","裸【はだか】ketelanjangan, kebotakan, terbongkar, tidak memiliki uang, tidak menyembunyikan apa pun, ...","全裸【ぜんら】telanjang bulat, telanjang","裸眼【らがん】mata telanjang (yaitu tanpa kacamata, lensa kontak, dll.), penglihatan yang tidak dikoreksi, penglihatan tanpa bantuan",https://kanjikana.com/id/kanji/裸?jlpt=1,1796
鋼,はがね,コウ,baja,鉄鋼【てっこう】besi dan baja,"鋼【はがね】baja, baja pedang, pedang",製鋼【せいこう】pembuatan baja,https://kanjikana.com/id/kanji/鋼?jlpt=1,1246
噴,ふ.く,フン,"meletus, corong, mengeluarkan, membilas","噴出【ふんしゅつ】memuntahkan, mengalir deras, menyemburkan, letusan, efusi","噴火【ふんか】letusan, letusan gunung berapi",噴水【ふんすい】air mancur,https://kanjikana.com/id/kanji/噴?jlpt=1,1270
芽,め,ガ,"kuncup, tunas, tombak, kuman","発芽【はつが】perkecambahan, berkecambah, berkembang","芽【め】tunas, tembak, kuncup, cakram germinal (dalam telur)","芽生える【めばえる】bertunas, berkecambah, muncul, mulai tumbuh",https://kanjikana.com/id/kanji/芽?jlpt=1,1691
訟,,ショウ,"menggugat, menuduh","訴訟【そしょう】perkara hukum, gugatan",行政訴訟【ぎょうせいそしょう】gugatan administratif,,https://kanjikana.com/id/kanji/訟?jlpt=1,1061
砕,"くだ.く, くだ.ける",サイ,"hancurkan, istirahat, menghancurkan, familiar, populer","砕く【くだく】memecahkan, menghancurkan, menggiling (menjadi bubuk), menumbuk, memupuskan, ...","砕ける【くだける】memecahkan, rusak, dihancurkan, runtuh, remuk, ...",火砕流【かさいりゅう】arus piroklastik,https://kanjikana.com/id/kanji/砕?jlpt=1,1579
叔,,シュク,"paman, pemuda",叔父【おじ】paman,叔母【おば】bibi,,https://kanjikana.com/id/kanji/叔?jlpt=1,1950
茂,しげ.る,モ,"terlalu tumbuh, tumbuh lebat, berlimpah","茂る【しげる】tumbuh lebat, berdaun lebat, merajalela, bersantai, mewah","生い茂る【おいしげる】tumbuh lebat, ditumbuhi, berkembang, tumbuh berlimpah","茂み【しげみ】semak belukar, semak, hutan sekunder",https://kanjikana.com/id/kanji/茂?jlpt=1,1188
帳,とばり,チョウ,"buku catatan, buku akuntansi, album, tirai, kerudung, jaringan, tenda",通帳【つうちょう】buku tabungan,"手帳【てちょう】buku catatan, buku harian saku, sertifikat, kartu identitas","台帳【だいちょう】buku akuntansi, buku besar, mendaftar",https://kanjikana.com/id/kanji/帳?jlpt=1,1459
欺,あざむ.く,ギ,"tipuan, curang, menipu","詐欺【さぎ】penipuan, menipu, cangkok, kecurangan, tipu, ...",欺瞞【ぎまん】tipuan,詐欺師【さぎし】penipu,https://kanjikana.com/id/kanji/欺?jlpt=1,1541
猛,,モウ,"ganas, pujian, terburu-buru, menjadi marah, kebuasan, kekuatan","猛烈【もうれつ】ganas, intens, parah, kekerasan, kuat, ...","猛暑【もうしょ】gelombang panas, panas yang sangat menyengat",猛攻【もうこう】serangan ganas,https://kanjikana.com/id/kanji/猛?jlpt=1,1301
没,"おぼ.れる, しず.む, ない","ボツ, モツ","tenggelam, wastafel, sembunyi, jatuh ke dalam, menghilang, mati","沈没【ちんぼつ】tenggelam, karam, turun, pencelupan, mabuk berat, ...","没収【ぼっしゅう】perampasan, kejang, penahanan","戦没【せんぼつ】kematian dalam pertempuran, terbunuh dalam tindakan",https://kanjikana.com/id/kanji/没?jlpt=1,1385
励,"はげ.む, はげ.ます",レイ,"mendorong, rajin, menginspirasi","奨励【しょうれい】dorongan, promosi, pemikat, penghasutan, stimulasi","励ます【はげます】mendorong, memberi semangat, menghibur, mengangkat (suara)","励む【はげむ】bekerja keras, berusaha keras, berusaha, mengabdikan diri kepada, bersemangat",https://kanjikana.com/id/kanji/励?jlpt=1,1254
網,あみ,モウ,"jaring, jaringan","網【あみ】jaring, web",通信網【つうしんもう】jaringan komunikasi,網膜【もうまく】retina,https://kanjikana.com/id/kanji/網?jlpt=1,1194
斗,,"ト, トウ","gugus bintang besar, jilid sepuluh, sendok tuang sake, titik dan tanda silang radikal (no. 68)","斗【と】ke, unit tradisional volume, sekitar 18 liter, blok bantalan persegi (di atas pilar), konstelasi ""dipper"" tiongkok (salah satu dari 28 mansion)",斗【とます】kanji radikal 68 di kanan,,https://kanjikana.com/id/kanji/斗?jlpt=1,1885
偵,,テイ,mata-mata,"探偵【たんてい】detektif, penyelidik, pekerjaan detektif, penyelidikan rahasia","内偵【ないてい】penyelidikan rahasia, penyelidikan pribadi, pengintaian, pramuka",偵察【ていさつ】pengintaian,https://kanjikana.com/id/kanji/偵?jlpt=1,1857
昭,,ショウ,"bersinar, terang","昭和【しょうわ】era shōwa (25.12.1926-7.1.1989), mengingatkan pada era Shōwa, nostalgia shōwa, kuno, aneh, ...",,,https://kanjikana.com/id/kanji/昭?jlpt=1,697
履,は.く,リ,"melakukan, lengkap, alas kaki, sepatu, sepatu bot, kenakan (di kaki)","履歴【りれき】riwayat pribadi, latar belakang, karier, catatan, rekaman, ...",草履【ぞうり】sandal jepit tradisional Jepang,"履く【はく】memakai, memasangkan (pedang ke pinggang), menambatkan",https://kanjikana.com/id/kanji/履?jlpt=1,1619
豚,ぶた,トン,babi,豚肉【ぶたにく】daging babi,"豚【ぶた】babi (Sus scrofa domesticus), daging babi, gendut, berlemak",豚【とん】babi,https://kanjikana.com/id/kanji/豚?jlpt=1,1864
肺,,ハイ,paru-paru,肺【はい】paru-paru,肺炎【はいえん】pneumonia,"肺結核【はいけっかく】tuberkulosis paru, konsumsi",https://kanjikana.com/id/kanji/肺?jlpt=1,1387
沿,"そ.う, -ぞ.い",エン,"berlari di samping, ikuti saja, berlari-lari, berbaring sepanjang",沿い【ぞい】sepanjang,"沿岸【えんがん】pantai, pesisir","沿線【えんせん】di sepanjang jalur kereta api, rute bus, jalan utama, dll.",https://kanjikana.com/id/kanji/沿?jlpt=1,1121
褒,ほ.める,ホウ,"pujian, memuji",褒美【ほうび】hadiah,"褒める【ほめる】memuji, berbicara baik tentang, memuji dengan tinggi",紫綬褒章【しじゅほうしょう】medali kehormatan dengan pita ungu (diberikan untuk pencapaian ilmiah atau artistik),https://kanjikana.com/id/kanji/褒?jlpt=1,2073
兼,"か.ねる, -か.ねる",ケン,"bersamaan, dan, sebelumnya, terlebih dahulu","兼業【けんぎょう】membaca sebagai bisnis sampingan, melakukan selain pekerjaan utama, menjalankan (bisnis) secara bersamaan, bisnis sampingan, pekerjaan sampingan","兼用【けんよう】berbagai guna, penggunaan gabungan, kombinasi, melayani dua tujuan","気兼ね【きがね】keterbatasan, cadangan, merasa ragu, takut merepotkan seseorang",https://kanjikana.com/id/kanji/兼?jlpt=1,1164
謎,なぞ,"メイ, ベイ","teka-teki, petunjuk, tips","謎【なぞ】teka-teki, misteri, misterius",,,https://kanjikana.com/id/kanji/謎?jlpt=1,2021
僧,,ソウ,"pendeta Buddha, biksu","小僧【こぞう】pemuda, anak laki-laki, anak, nakal, biksu Buddha muda, ...","僧【そう】biksu, imam, sangha (komunitas Buddha)","僧侶【そうりょ】pendeta, rahib, biksu",https://kanjikana.com/id/kanji/僧?jlpt=1,1724
潔,いさぎよ.い,ケツ,"tak ternoda, murni, bersih, benar, gagah","簡潔【かんけつ】ringkas, singkat, padat","不潔【ふけつ】kotor, tidak sehat, tidak pantas, cabul, tidak bermoral","清潔【せいけつ】bersih, higienis, saniter, murni, berbudi pekerti baik, ...",https://kanjikana.com/id/kanji/潔?jlpt=1,1595
桑,くわ,ソウ,murbei,桑原【くわばら】ladang murbei,桑田【そうでん】perkebunan murbei,桑【くわ】murbei,https://kanjikana.com/id/kanji/桑?jlpt=1,1650
雅,みや.び,ガ,"ramah, elegan, anggun, halus","雅楽【ががく】musik pengadilan Jepang kuno, gagaku (tidak ada terjemahan langsung, merupakan nama untuk musik dan tarian istana Jepang)",雅文【がぶん】gaya sastra yang elegan,"雅号【がごう】julukan, nama samaran, nama pena",https://kanjikana.com/id/kanji/雅?jlpt=1,1192
縛,しば.る,バク,"kaso, penangkapan, mengikat, dasi, membatasi","縛る【しばる】mengikat, mengencangkan, membatasi (kebebasan), mengikat dengan (aturan, peraturan, dll.), membelenggu",縛り首【しばりくび】(gantung diri),"束縛【そくばく】pembatasan, belenggu, juga, mengikat, penahanan dengan tali",https://kanjikana.com/id/kanji/縛?jlpt=1,1764
飽,"あ.きる, あ.かす, あ.く",ホウ,"kenyang, bosan dengan, bosan, memuaskan","飽和【ほうわ】jenuh, kepuasan","飽きる【あきる】bosan dengan, kehilangan minat pada, menjadi bosan dengan, muak dengan, menjadi kenyang, ...","飽食【ほうしょく】makan sampai kenyang, melahap, kepuasan, memiliki makanan yang cukup, memiliki semua yang dibutuhkan (untuk kehidupan sehari-hari), ...",https://kanjikana.com/id/kanji/飽?jlpt=1,1780
拳,こぶし,"ケン, ゲン",tinju,拳【こぶし】kepalan tangan,拳【けん】permainan tangan (misalnya batu-gunting-kertas),"拳法【けんぽう】seni bela diri Tiongkok, kung fu, wushu, quanfa, kenpō (seni bela diri), ...",https://kanjikana.com/id/kanji/拳?jlpt=1,1935
跳,"は.ねる, と.ぶ, -と.び",チョウ,"melompat, melompat ke atas, musim semi, kejut, berjingkrak, uang satu dolar, percikan, jepret","跳ねる【はねる】melompat, bergerak lincah, muncul, membatasi, berpisah, ...",走り幅跳び【はしりはばとび】lompat jauh,走り高跳び【はしりたかとび】lompat tinggi,https://kanjikana.com/id/kanji/跳?jlpt=1,1716
伯,,ハク,"kepala, menghitung, telinga, paman, brasil","伯父さん【おじさん】paman, orang tua, tuan, ikan kambing banyak garis (Parupeneus multifasciatus)","画伯【がはく】pelukis ulung, seniman","伯仲【はくちゅう】sepadan, setara dengan, sedang bersaing ketat, kakak tertua dan kakak kedua, kakak dan adik laki-laki",https://kanjikana.com/id/kanji/伯?jlpt=1,1741
晶,,ショウ,"berkilau, jelas, kristal",液晶【えきしょう】kristal cair,水晶体【すいしょうたい】lensa kristalin (mata),"水晶【すいしょう】kristal batu, kuarsa kemurnian tinggi",https://kanjikana.com/id/kanji/晶?jlpt=1,1613
妨,さまた.げる,ボウ,"mengganggu, mencegah, menghambat, menghalangi","妨害【ぼうがい】penghalang, hambatan, memblokir, gangguan, mengganggu (sinyal)","妨げる【さまたげる】mengganggu, mencegah, menghalangi, menghambat","妨げ【さまたげ】penghalang, hambatan",https://kanjikana.com/id/kanji/妨?jlpt=1,1482
辱,はずかし.める,ジョク,"memalukan, mempermalukan, malu","侮辱【ぶじょく】penghinaan, sedikit, penghinaan (misalnya terhadap pengadilan)","雪辱【せつじょく】pembenaran kehormatan, menebus kehilangan, dendam","恥辱【ちじょく】aib, malu, penghinaan",https://kanjikana.com/id/kanji/辱?jlpt=1,1769
刃,"は, やいば, き.る","ジン, ニン","bilah, pedang, tepi","刃【は】mata (pisau atau pedang), bilah, ujung (dari steker listrik)","刃【やいば】bilah, pedang, bilah palsu, pola bergelombang pada bilah tempa, ketajaman, ...","刃物【はもの】alat bermata tajam, alat pemotong, pisau",https://kanjikana.com/id/kanji/刃?jlpt=1,1763
膨,"ふく.らむ, ふく.れる",ボウ,"membengkak, gemuk, tebal","膨れる【ふくれる】membengkak, memperluas, dikembangkan, menjadi marah, membuat cemberut, ...","膨張【ぼうちょう】ekspansi, pembengkakan, meningkatkan, pertumbuhan","膨らます【ふくらます】membengkak, mengembangkan, membuncit",https://kanjikana.com/id/kanji/膨?jlpt=1,1293
嵐,あらし,ラン,badai,"嵐【あらし】badai, keributan, angin (misalnya, perubahan)","青嵐【あおあらし】angin berhembus melalui dedaunan segar, udara pegunungan",,https://kanjikana.com/id/kanji/嵐?jlpt=1,1910
沼,ぬま,ショウ,"rawa, danau, kolam","沼【ぬま】rawa, lahan basah, kolam, obsesi, kecanduan, ...","泥沼【どろぬま】rawa, kebimbangan, situasi sulit yang tidak bisa dihindari, kemelut","湖沼【こしょう】danau, rawa, lahan basah, perairan darat",https://kanjikana.com/id/kanji/沼?jlpt=1,1467
哀,"あわ.れ, あわ.れむ, かな.しい",アイ,"menyedihkan, dukacita, kesedihan, patos, kasihan, bersimpati","可哀想【かわいそう】miskin, menyedihkan","哀れ【あわれ】kasihan, kesedihan, dukacita, kesengsaraan, kasih sayang, ...","哀悼【あいとう】belasungkawa, penyesalan, penghormatan, kesedihan, simpati, ...",https://kanjikana.com/id/kanji/哀?jlpt=1,1715
浄,"きよ.める, きよ.い","ジョウ, セイ","bersih, membersihkan, mengusir setan, Dinasti Manchu","浄水【じょうすい】air bersih, air murni",自浄【じじょう】pembersihan diri,"浄化槽【じょうかそう】tangki pemurnian air, tangki septik",https://kanjikana.com/id/kanji/浄?jlpt=1,1383
滝,たき,"ロウ, ソウ","air terjun, jeram, kaskade","滝【たき】air terjun, jeram",滝川【たきがわ】jeram,滝口【たきぐち】puncak air terjun,https://kanjikana.com/id/kanji/滝?jlpt=1,1478
債,,サイ,"ikatan, pinjaman, utang","負債【ふさい】utang, kewajiban","国債【こくさい】utang nasional, sekuritas nasional, obligasi pemerintah, surat berharga pemerintah","債務【さいむ】utang, kewajiban, kewajiban kepada seseorang atau pihak (biasanya hukum atau kontraktual)",https://kanjikana.com/id/kanji/債?jlpt=1,728
笛,ふえ,テキ,"seruling, klarinet, pipa, peluit, seruling gaida, piccolo","笛【ふえ】seruling, pipa, perekam, flageolet, sakuhachi, ...","警笛【けいてき】tanduk, alarm, peluit, terompet kabut","笛吹き【ふえふき】pemain seruling, peniup seruling",https://kanjikana.com/id/kanji/笛?jlpt=1,1928
穏,おだ.やか,オン,"tenang, moderasi","穏やか【おだやか】tenang, lembut, damai, ringan, sedang, ...","穏健【おんけん】tenang, andal, seragam, (sedang) moderat","不穏【ふおん】mengganggu, mengancam, bergejolak, gelisah, tidak menentu",https://kanjikana.com/id/kanji/穏?jlpt=1,1535
虚,"むな.しい, うつ.ろ","キョ, コ","kosong, kekosongan, ketidaksiapan, retak, retakan, ketidakbenaran","虚偽【きょぎ】kebohongan, ketidakbenaran, berbohong, informasi yang salah, kesesatan (logika)","虚構【きょこう】fiksi, pembuatan, ramuan","虚像【きょぞう】citra maya, citra palsu, pura-pura",https://kanjikana.com/id/kanji/虚?jlpt=1,1454
后,きさき,"コウ, ゴ","permaisuri, ratu, setelah, di belakang, kembali, nanti","皇太后【こうたいごう】permaisuri janda, ibu suri","后【きさき】permaisuri, ratu","皇后【こうごう】(jepang) permaisuri, ratu",https://kanjikana.com/id/kanji/后?jlpt=1,1583
憩,"いこ.い, いこ.う",ケイ,"istirahat, santai","休憩【きゅうけい】istirahat, jeda","憩い【いこい】istirahat, relaksasi","憩う【いこう】beristirahat, bersantai",https://kanjikana.com/id/kanji/憩?jlpt=1,1731
煮,"に.る, -に, に.える, に.やす",シャ,"mendidih, memasak","煮る【にる】merebus, merebus dengan api kecil, membuat rebusan, mendidih","煮物【にもの】rebusan, makanan yang dimasak dengan merebus atau mengungkep","煮込み【にこみ】rebusan, campur aduk",https://kanjikana.com/id/kanji/煮?jlpt=1,1565
拓,ひら.く,タク,"membersihkan (lahan), buka, membongkar (tanah)","開拓【かいたく】reklamasi (misalnya dari tanah tandus), budidaya, pengembangan, perintis, pembukaan (misalnya dari pasar baru), ...","拓殖【たくしょく】kolonisasi, pengembangan, pemukiman, eksploitasi",干拓【かんたく】reklamasi lahan (dari laut),https://kanjikana.com/id/kanji/拓?jlpt=1,1526
摩,"ま.する, さす.る, す.る",マ,"gesekan, gosok, polandia, menggiling, mengikis","摩擦【まさつ】gesekan, menggosok, lecet, discord, perselisihan, ...",摩天楼【まてんろう】gedung pencakar langit,"摩耗【まもう】memakai, abrasi",https://kanjikana.com/id/kanji/摩?jlpt=1,1252
睡,"ねむ.る, ねむ.い",スイ,"mengantuk, tidur, mati",睡眠【すいみん】tidur,"一睡【いっすい】kedipan tidur, tidur siang, mengantuk","昏睡【こんすい】koma, tidur nyenyak, tertidur dengan cepat",https://kanjikana.com/id/kanji/睡?jlpt=1,1739
癒,"い.える, いや.す, い.やす",ユ,"penyembuhan, obat, memuaskan (haus), mengakibatkan","癒着【ゆちゃく】adhesi, penggabungan, kolusi, hubungan kolusif","治癒【ちゆ】penyembuhan, obat, pemulihan",,https://kanjikana.com/id/kanji/癒?jlpt=1,1667
朗,"ほが.らか, あき.らか",ロウ,"merdu, jelas, terang, tenang, ceria","朗読【ろうどく】membaca dengan suara keras, deklamasi","明朗【めいろう】ceria, terang, jelas, bersih, jujur, ...",朗詠【ろうえい】deklamasi (puisi Jepang atau Cina),https://kanjikana.com/id/kanji/朗?jlpt=1,1374
盾,たて,ジュン,"perisai, perisai heraldik, pembuka","盾【たて】perisai, perisai kecil, dalih","矛盾【むじゅん】kontradiksi, ketidakkonsistenan","後ろ盾【うしろだて】dukungan, pendukung, pelindung, sponsor, perisai yang melindungi punggung seseorang",https://kanjikana.com/id/kanji/盾?jlpt=1,1476
菌,,キン,"kuman, jamur, bakteri","細菌【さいきん】bakteri, kuman","殺菌【さっきん】sterilisasi, disinfeksi","抗菌【こうきん】antibakteri, antimikroba",https://kanjikana.com/id/kanji/菌?jlpt=1,1586
披,,ヒ,"mengungkapkan, buka","披露【ひろう】pengumuman, presentasi, demonstrasi, menampilkan, menunjukkan, ...","披瀝【ひれき】menyatakan pendapat, berbicara apa adanya, membuat diketahui, mengungkapkan",,https://kanjikana.com/id/kanji/披?jlpt=1,1438
浪,,ロウ,"berkelana, gelombang, ombak besar, ceroboh, tak terkendali","浪費【ろうひ】sampah, kemewahan","浪人【ろうにん】ronin, samurai tanpa tuan, lulusan sekolah menengah atas yang menunggu kesempatan lain untuk masuk universitas setelah gagal dalam ujian masuk tahunan, orang yang tidak bekerja, orang yang tidak memiliki pekerjaan, ...","放浪【ほうろう】berkelana, mengapung",https://kanjikana.com/id/kanji/浪?jlpt=1,1508
詐,いつわ.る,サ,"berbohong, kebohongan, menipu, berpura-pura","詐欺【さぎ】penipuan, menipu, cangkok, kecurangan, tipu, ...","詐称【さしょう】kesalahan representasi, pernyataan palsu",詐取【さしゅ】penipuan,https://kanjikana.com/id/kanji/詐?jlpt=1,1511
劣,おと.る,レツ,"inferioritas, kurang dari, menjadi lebih buruk","劣る【おとる】kurang dari, kurang pandai dalam, tertinggal","劣勢【れっせい】inferioritas (misalnya, numerik), posisi bawah, kerugian, situasi yang tidak menguntungkan","劣悪【れつあく】rendah, kasar, kualitas rendah, tidak memadai, memburuk",https://kanjikana.com/id/kanji/劣?jlpt=1,1620
霧,きり,"ム, ボウ, ブ",kabut,"霧【きり】kabut, semprotan",濃霧【のうむ】kabut tebal,雲散霧消【うんさんむしょう】menghilang seperti kabut,https://kanjikana.com/id/kanji/霧?jlpt=1,1747
鶴,つる,カク,bangau,鶴【つる】bangau,,,https://kanjikana.com/id/kanji/鶴?jlpt=1,1369
峰,"みね, ね",ホウ,puncak,"峰【みね】puncak, punggungan, atas, bagian belakang sebuah pisau","最高峰【さいこうほう】puncak tertinggi, gunung tertinggi, otoritas tertinggi, orang paling terkemuka, puncak",連峰【れんぽう】pegunungan,https://kanjikana.com/id/kanji/峰?jlpt=1,1836
慈,いつく.しむ,ジ,belas kasihan,"慈善【じぜん】amal, filantropi","慈愛【じあい】kasih sayang (khususnya orang tua), cinta, kesukaan",慈眼【じげん】mata penuh belas kasih (dari seorang Buddha atau bodhisattva yang mengawasi umat manusia),https://kanjikana.com/id/kanji/慈?jlpt=1,1811
蹴,け.る,"シュク, シュウ",tendang,"蹴る【ける】menendang, menolak, menghentakkan, mencengkeramkan kaki dengan kuat (terhadap sesuatu)","一蹴【いっしゅう】menolak mentah-mentah, menolak dengan tegas, menyingkirkan, mengalahkan dengan mudah, satu tendangan",,https://kanjikana.com/id/kanji/蹴?jlpt=1,2377
喚,わめ.く,カン,"berteriak, menangis, panggilan, teriak, memanggil",喚問【かんもん】panggilan,"喚起【かんき】gairah, perangsangan, pencerahan, pemanggilan",喚声【かんせい】berteriak,https://kanjikana.com/id/kanji/喚?jlpt=1,1120
浸,"ひた.す, ひた.る, つ.かる",シン,"terendam, merendam, celupan, curam, melembabkan, basah, tenggelamkan","浸す【ひたす】merendam, mencelupkan, menenggelamkan, melembabkan, membasahi","浸透【しんとう】penyebaran (pemikiran, ideologi, budaya, dll.), infiltrasi (misalnya ide), menyebarkan, penetrasi (misalnya ke dalam pasar), penyebaran, ...","浸水【しんすい】banjir, pencelupan",https://kanjikana.com/id/kanji/浸?jlpt=1,1447
酬,むく.いる,"シュウ, シュ, トウ","membayar kembali, hadiah, pembalasan","報酬【ほうしゅう】remunerasi, kompensasi, hadiah, tol","応酬【おうしゅう】pertukaran (kata-kata, pandangan, pukulan, cangkir, dll.), tukar-menukar, balasan, jawaban, tanggapan, ...","無報酬【むほうしゅう】tidak dibayar, tanpa bayaran, tidak perlu, sukarela",https://kanjikana.com/id/kanji/酬?jlpt=1,1515
促,うなが.す,ソク,"merangsang, dorongan, tekan, permintaan, menghasut","促進【そくしん】promosi, percepatan, dorongan, fasilitasi, mendorong","促す【うながす】mendesak, mendorong, menekan, menarik perhatian, merangsang (misalnya pertumbuhan), ...","催促【さいそく】menekan, mendesak, menuntut, permintaan",https://kanjikana.com/id/kanji/促?jlpt=1,998
寛,"くつろ.ぐ, ひろ.い, ゆる.やか",カン,"toleran, kemurahan hati, santai, merasa di rumah, tenang, berpikiran terbuka","寛容【かんよう】toleransi, keterbukaan pikiran, kesabaran, kemurahan hati","寛大【かんだい】toleran, murah hati, longgar, berpikiran terbuka",,https://kanjikana.com/id/kanji/寛?jlpt=1,1377
妥,,ダ,"lembut, kedamaian, kebejatan","妥結【だけつ】permukiman, perjanjian","妥協【だきょう】kompromi, menyerah","妥当【だとう】sah, tepat, benar, wajar",https://kanjikana.com/id/kanji/妥?jlpt=1,1102
圏,かこ.い,ケン,"bola, lingkaran, radius, jangkauan","首都圏【しゅとけん】area metropolitan tokyo yang lebih besar, kawasan metropolitan (ibu kota)","圏内【けんない】dalam jangkauan, di dalam lingkaran pengaruh","北極圏【ほっきょくけん】lingkaran arktik, Artik",https://kanjikana.com/id/kanji/圏?jlpt=1,1216
卓,,タク,"terkemuka, meja, meja kerja, tinggi",食卓【しょくたく】meja makan,卓球【たっきゅう】tenis meja,"卓【たく】meja, meja kerja, konter untuk meja, meja kerja, dan lainnya., meja persembahan di depan altar (kadang digunakan dalam upacara minum teh), pembakar dupa meja",https://kanjikana.com/id/kanji/卓?jlpt=1,1348
冠,かんむり,カン,"mahkota, terbaik, tak tertandingi","冠【かんむり】tutup kepala tradisional yang dipakai oleh rohaniwan Shinto dan pembesar istana, mahkota, mahkota kecil, radikal kanji atas, hokku, ...","栄冠【えいかん】laurel, kalung bunga",冠婚葬祭【かんこんそうさい】acara seremonial penting dalam hubungan keluarga,https://kanjikana.com/id/kanji/冠?jlpt=1,1503
舌,した,ゼツ,"lidah, terumbu, tepuk tangan","舌【した】lidah, objek seperti lidah, pengetuk lonceng, penyekat (dari sebuah kunci), tongkat (alat musik)","弁舌【べんぜつ】pidato, kemahiran berbicara, cara berbicara, cara berekspresi",舌戦【ぜっせん】perang kata-kata,https://kanjikana.com/id/kanji/舌?jlpt=1,1830
羅,うすもの,ラ,"kasa, sutra tipis, roma, mengatur, menyebar","修羅場【しゅらば】adegan pertarungan, pemandangan pembantaian (pembunuhan), lokasi pertarungan antara Asura dan Shakra, kesulitan (dalam hubungan asmara), waktu kritis (khususnya untuk kartunis)","甲羅【こうら】cangkang, plastron, punggung seseorang, tahun pengalaman","網羅【もうら】mencakup, menutupi secara menyeluruh, termasuk (semuanya), terdiri dari, memahami",https://kanjikana.com/id/kanji/羅?jlpt=1,1831
綱,つな,コウ,"tali tambat, kelas (genus), tali, kabel","横綱【よこづな】yokozuna (peringkat tertinggi dalam sumo), juara besar, terbaik di bidangnya, krim dari krim, krim dari hasil terbaik","綱【つな】tali, garis, sabuk kepang juara besar","大綱【たいこう】prinsip dasar, garis utama, garis besar, ringkasan, fitur umum",https://kanjikana.com/id/kanji/綱?jlpt=1,1053
克,か.つ,コク,"mengatasi, dengan sopan, terampil","克服【こくふく】penaklukan, mengatasi, mengendalikan","克明【こくめい】terperinci, teliti, hati-hati, menit, setia, ...","克己【こっき】penyangkalan diri, kontrol diri",https://kanjikana.com/id/kanji/克?jlpt=1,1333
梅,うめ,バイ,prem,"梅干し【うめぼし】umeboshi, ume kering acar, asam kering","梅雨【つゆ】musim hujan asia timur (di jepang, biasanya dari awal juni hingga pertengahan juli), hujan selama musim hujan","梅【うめ】aprikot Jepang (Prunus mume), prem jepang, ume, prem Cina, terendah",https://kanjikana.com/id/kanji/梅?jlpt=1,1232
潰,"つぶ.す, つぶ.れる, つい.える","カイ, エ","kecintaan, menghancurkan, istirahat, menghilang","潰す【つぶす】menghancurkan, meratakan, mematikan, menghentikan usaha, memaksa (perusahaan) untuk menutup usaha, ...","潰れる【つぶれる】dihancurkan, dilenyapkan, pecah, runtuh, bangkrut, ...",潰瘍【かいよう】tukak,https://kanjikana.com/id/kanji/潰?jlpt=1,null
縫,ぬ.う,ホウ,"jahit, jahitan, menyulam","裁縫【さいほう】menjahit, kerajinan jarum","縫う【ぬう】menjahit, menerobos (misalnya melalui kerumunan)",縫製【ほうせい】menjahit (dengan mesin),https://kanjikana.com/id/kanji/縫?jlpt=1,1723
奉,"たてまつ.る, まつ.る, ほう.ずる","ホウ, ブ","pengamatan, tawaran, hadir, mengabdikan","奉る【たてまつる】menawarkan, menyajikan, menempatkan seseorang di posisi tinggi, menghormati dari kejauhan, melakukan dengan hormat","奉仕【ほうし】layanan, kementerian, kehadiran, pekerjaan gereja, menawarkan barang dengan harga yang lebih rendah, ...","奉行【ぶぎょう】hakim, administrator shogunat",https://kanjikana.com/id/kanji/奉?jlpt=1,1624
簿,,ボ,"mendaftar, buku catatan","名簿【めいぼ】daftar nama, gulungan, mendaftar, daftar anggota",家計簿【かけいぼ】buku catatan rumah tangga,"簿外【ぼがい】tidak tercatat, di luar catatan resmi",https://kanjikana.com/id/kanji/簿?jlpt=1,1358
悠,,ユウ,"kekalan, jauh, waktu yang lama, waktu luang","悠々【ゆうゆう】tenang, santai, mudah, nyaman, tanpa kesulitan, ...","悠【ゆう】tenang, santai, terdiri, jauh, tak terbatas, ...","悠久【ゆうきゅう】keabadian, kekalan",https://kanjikana.com/id/kanji/悠?jlpt=1,1921
撲,,ボク,"tampar, pukulan, mengalahkan, beritahu, berbicara","相撲【すもう】gulat sumo, pegulat, sumo wrestler",大相撲【おおずもう】gulat sumo profesional,"打撲【だぼく】tiup, pukulan (pada tubuh), pemukulan",https://kanjikana.com/id/kanji/撲?jlpt=1,1283
隆,,リュウ,"punuk, tinggi, mulia, kemakmuran","隆盛【りゅうせい】kemakmuran, berkembang, makmur","隆起【りゅうき】tonjolan, membuncit, proyeksi, membengkak, naik, ...","興隆【こうりゅう】naik, kemakmuran",https://kanjikana.com/id/kanji/隆?jlpt=1,1109
痕,あと,コン,"tanda, jejak kaki","弾痕【だんこん】lubang peluru, tanda peluru","痕跡【こんせき】jejak, sisa, tanda, bukti",血痕【けっこん】noda darah,https://kanjikana.com/id/kanji/痕?jlpt=1,1958
棚,"たな, -だな",ホウ,"rak, tepi, gunung, mantel, pagar kayu","戸棚【とだな】lemari, loker, lemari pakaian, kabinet","棚【たな】rak, tepi, pagar kayu","本棚【ほんだな】rak buku, lemari buku",https://kanjikana.com/id/kanji/棚?jlpt=1,1594
枠,わく,,"bingkai, kerangka kerja, poros, gulungan, kotak pembatas, (tulisan yang tidak bisa dibaca)","枠【わく】bingkai, kerangka kerja, perbatasan, kotak, batas, ...","枠組み【わくぐみ】bingkai, kerangka kerja, garis besar","枠内【わくない】dalam batasan (kerangka, batas, harga, dll.)",https://kanjikana.com/id/kanji/枠?jlpt=1,922
偏,かたよ.る,ヘン,"parsial, sisi, radikal sisi kiri, miring, berprasangka","偏見【へんけん】praduga, pandangan yang terdistorsi","偏る【かたよる】miring, memiringkan, tidak seimbang (misalnya, diet), terlalu condong ke arah, difokuskan pada, ...","偏差値【へんさち】nilai deviasi (biasanya distandarisasi dengan rata-rata 50, deviasi standar 10, dan sering digunakan untuk nilai akademik), penyimpangan, skor-t, skor standar",https://kanjikana.com/id/kanji/偏?jlpt=1,1340
猿,さる,エン,monyet,"猿【さる】monyet (khususnya monyet Jepang, Macaca fuscata), monyet, primata non-manusia, orang licik, idiot, ...",猿人【えんじん】orang utan,"犬猿の仲【けんえんのなか】seperti kucing dan anjing, dalam hubungan yang sangat buruk, hubungan antara anjing dan monyet",https://kanjikana.com/id/kanji/猿?jlpt=1,1772
慌,"あわ.てる, あわ.ただしい",コウ,"bingung, kehilangan kendali","慌てる【あわてる】menjadi bingung, tergugup, panik, bergegas, terburu-buru, ...","慌ただしい【あわただしい】sibuk, tergesa-gesa, terburu-buru, cepat, tiba-tiba","恐慌【きょうこう】panik, takut, alarm, kepanikan finansial",https://kanjikana.com/id/kanji/慌?jlpt=1,1826
軌,,キ,"parit, roda, lintasan, model, cara melakukan","軌道【きどう】orbit, lintasan, jalur kereta api, jalur (benar), jalur yang tepat","軌跡【きせき】jejak ban, jejak-jejak dari sebuah orang atau benda, jalan yang telah diambil, lokus","常軌【じょうき】tindakan normal, jalur yang tepat, cara biasa",https://kanjikana.com/id/kanji/軌?jlpt=1,1480
鍛,きた.える,タン,"membentuk, disiplin, kereta","鍛える【きたえる】membentuk, meredam, melubangi, melatih, mendisiplinkan","鍛錬【たんれん】perlakuan panas (logam), penalaan, penempaan, mengeras, mendisiplinkan, ...",,https://kanjikana.com/id/kanji/鍛?jlpt=1,1793
鎮,"しず.める, しず.まる, おさえ",チン,"menenangkan, pusat-pusat pelestarian perdamaian kuno","鎮圧【ちんあつ】penindasan (dari kerusuhan, pemberontakan, dll.), penindasan, menurunkan, meredakan","重鎮【じゅうちん】pemimpin, otoritas, andalan","鎮魂【ちんこん】kedamaian jiwa, upacara untuk kedamaian jiwa yang telah berpulang",https://kanjikana.com/id/kanji/鎮?jlpt=1,1617
覇,はたがしら,"ハ, ハク","hegemoni, keunggulan, kepemimpinan, juara",連覇【れんぱ】kejuaraan berturut-turut,"制覇【せいは】penaklukan, dominasi, keunggulan, penguasaan, memenangkan (kejuaraan)",覇権【はけん】hegemoni,https://kanjikana.com/id/kanji/覇?jlpt=1,1173
架,"か.ける, か.かる",カ,"mendirikan, bingkai, gunung, dukungan, rak, membangun","架空【かくう】fiktif, imajiner, khayalan, dibuat, udara, ...","高架【こうか】terangkat, di atas kepala","架線【かせん】jaringan listrik udara, kabel udara, jaringan listrik atas, kawat yang terdengar",https://kanjikana.com/id/kanji/架?jlpt=1,1555
併,あわ.せる,ヘイ,"bergabung, berkumpul, bersatu, kolektif","合併【がっぺい】penggabungan (perusahaan, kota, dll.), kombinasi, persatuan, penggabungan, konsolidasi, ...","併用【へいよう】penggunaan gabungan, menggunakan bersama (dengan), menggunakan bersama-sama, menggunakan pada saat yang sama",併殺【へいさつ】permainan ganda,https://kanjikana.com/id/kanji/併?jlpt=1,966
挨,ひら.く,アイ,"pendekatan, mendekat, dorong buka","挨拶【あいさつ】salam, salam hormat, belasungkawa, selamat, pidato (ucapan selamat atau penghargaan), ...","ご挨拶【ごあいさつ】salam, hal yang bagus untuk dikatakan",,https://kanjikana.com/id/kanji/挨?jlpt=1,2258
征,,セイ,"menguasai, serang pemberontak, mengumpulkan pajak","征服【せいふく】penaklukan, mengatasi (kesulitan), menaklukkan (misalnya sebuah gunung), penguasaan (suatu keterampilan)","遠征【えんせい】ekspedisi, kampanye militer, tur, mengunjungi","長征【ちょうせい】ekspedisi militer yang panjang, long march (china, 1934-1936), long march (seri kendaraan peluncur cina)",https://kanjikana.com/id/kanji/征?jlpt=1,1578
牙,"きば, は","ガ, ゲ","gading, taring, radikal gading (no. 92)","牙【きば】gading, taring","牙【げ】gigi, gading",象牙【ぞうげ】gading,https://kanjikana.com/id/kanji/牙?jlpt=1,2067
蛇,へび,"ジャ, ダ, イ, ヤ","ular, peminum keras",蛇口【じゃぐち】keran,"蛇の目【じゃのめ】pola sasaran, pola cincin ganda, payung dengan pola sasaran","蛇行【だこう】berkelok-kelok, melilit, berliku-liku",https://kanjikana.com/id/kanji/蛇?jlpt=1,1721
佳,,カ,"luar biasa, cantik, baik, menyenangkan, terampil","佳作【かさく】karya yang bagus, sebutan terhormat","佳境【かきょう】bagian paling menarik, klimaks, bagian baik, tempat indah, tempat yang indah",,https://kanjikana.com/id/kanji/佳?jlpt=1,1643
寧,むし.ろ,ネイ,"lebih suka, lebih disukai, damai, tenang, ketenangan","丁寧【ていねい】sopan, sipil, hati-hati, tutup, teliti",,,https://kanjikana.com/id/kanji/寧?jlpt=1,1697
尚,なお,ショウ,"harga diri, selanjutnya, masih, namun","高尚【こうしょう】tinggi, bangsawan, halus, canggih","尚【なお】masih, belum, lebih, masih lebih, lebih besar, ...",時期尚早【じきしょうそう】prematur,https://kanjikana.com/id/kanji/尚?jlpt=1,1531
塁,とりで,"ルイ, ライ, スイ","dasar-dasar, benteng, dinding, bola(base)",本塁打【ほんるいだ】lari pulang,三塁【さんるい】posisi ketiga/base ketiga,"二塁打【にるいだ】pukulan dua base, ganda",https://kanjikana.com/id/kanji/塁?jlpt=1,651
丘,おか,キュウ,"bukit, bukit kecil",丘陵【きゅうりょう】bukit,"丘【おか】bukit, tinggi, bukit kecil, tanah yang meninggi, poin bonus diberikan kepada pemenang di akhir permainan","砂丘【さきゅう】gundukan pasir, bukit pasir",https://kanjikana.com/id/kanji/丘?jlpt=1,1405
駒,こま,ク,"poni, kuda, kuda muda","駒【こま】bidak, kuda, anak kuda, jembatan (pada biola, dll.)",,,https://kanjikana.com/id/kanji/駒?jlpt=1,1452
棟,"むね, むな-",トウ,"usuk puncak, punggungan","棟【とう】bangunan besar, bangunan dengan atap panjang, unit",病棟【びょうとう】bangsal rumah sakit,"別棟【べつむね】bangunan terpisah, bangunan tambahan, kamar kecil di luar",https://kanjikana.com/id/kanji/棟?jlpt=1,1406
貞,"ただし.い, さだ","テイ, ジョウ","tegak, kesucian, konsistensi, kebenaran","童貞【どうてい】keperjakaan, perjaka, biarawati (Katolik), saudara perempuan",,,https://kanjikana.com/id/kanji/貞?jlpt=1,1389
錠,,ジョウ,"mengunci, belenggu","錠剤【じょうざい】pil, permen hisap, tablet",施錠【せじょう】penguncian,"手錠【てじょう】borgol, belenggu, penahanan dengan rantai (hukuman fisik yudisial era Edo)",https://kanjikana.com/id/kanji/錠?jlpt=1,1934
鐘,かね,ショウ,"lonceng, gong, lonceng angin","警鐘【けいしょう】lonceng alarm, lonceng kebakaran, peringatan, panggilan bangun",鐘楼【しょうろう】menara lonceng,"鐘の音【かねのね】lonceng, dering lonceng",https://kanjikana.com/id/kanji/鐘?jlpt=1,1681
敢,"あ.えて, あ.えない, あ.えず",カン,"online, berani, sedih, tragis, menyedihkan","勇敢【ゆうかん】berani, heroik, gagah","果敢【かかん】teguh, tegas, berani",敢闘【かんとう】berjuang dengan berani,https://kanjikana.com/id/kanji/敢?jlpt=1,1859
薫,かお.る,クン,"mengeluarkan aroma, harum, beraroma, merokok (tembakau)","薫【くん】bau yang menyenangkan, aroma, wewangian, tumbuhan berbau harum",,,https://kanjikana.com/id/kanji/薫?jlpt=1,1849
囚,とら.われる,シュウ,"ditangkap, kriminal, tangkap","囚人【しゅうじん】tahanan, narapidana","死刑囚【しけいしゅう】penjahat yang dihukum mati, narapidana di sel mati",,https://kanjikana.com/id/kanji/囚?jlpt=1,2107
飢,う.える,キ,"lapar, kelaparan","飢饉【ききん】kelaparan, gagal panen, kekurangan kronis (misalnya, air)","飢える【うえる】kelaparan, sangat lapar, lapar, kekurangan (misalnya, cinta), haus akan (misalnya, pengetahuan), ...",飢餓【きが】kelaparan,https://kanjikana.com/id/kanji/飢?jlpt=1,1659
繊,,セン,"langsing, baik, kimono tipis","繊維【せんい】serat, tekstil",合繊【ごうせん】serat sintetis,合成繊維【ごうせいせんい】serat sintetis,https://kanjikana.com/id/kanji/繊?jlpt=1,1451
鶏,"にわとり, とり",ケイ,ayam,"鶏【にわとり】ayam (Gallus gallus domesticus), ayam domestik, daging ayam","養鶏【ようけい】pembesaran unggas, peternakan unggas, peternakan ayam",鶏卵【けいらん】telur ayam,https://kanjikana.com/id/kanji/鶏?jlpt=1,1901
需,,ジュ,"permintaan, butuh",需要【じゅよう】permintaan,内需【ないじゅ】permintaan domestik,需給【じゅきゅう】penawaran dan permintaan,https://kanjikana.com/id/kanji/需?jlpt=1,935
概,おおむ.ね,ガイ,"garis besar, kondisi, pendekatan, umumnya","概略【がいりゃく】garis besar, ringkasan, intisari, secara singkat","概説【がいせつ】ikhtisar, garis besar, ringkasan kasar","概念【がいねん】ide umum, konsep, gagasan",https://kanjikana.com/id/kanji/概?jlpt=1,1335
稚,"いとけない, おさない, おくて, おでる","チ, ジ","tidak matang, muda",幼稚園【ようちえん】taman kanak-kanak,"稚魚【ちぎょ】menggoreng, ikan muda, benih ikan","稚拙【ちせつ】tidak terampil, anak-anak, belum matang, naif, polos, ...",https://kanjikana.com/id/kanji/稚?jlpt=1,1560
荘,"ほうき, おごそ.か","ソウ, ショウ, チャン","vila, penginapan, pondok, kediaman feodal, khidmat, terhormat","別荘【べっそう】rumah liburan, vila, penjara","山荘【さんそう】vila pegunungan, retret gunung, pondok gunung","荘厳【そうごん】khidmat, luar biasa, besar, mengagumkan, mengesankan",https://kanjikana.com/id/kanji/荘?jlpt=1,1489
漠,,バク,"samar, kabur, gurun, lebar","漠然【ばくぜん】samar, kabur, tidak jelas, berkabut",砂漠【さばく】gurun,,https://kanjikana.com/id/kanji/漠?jlpt=1,1611
慶,よろこ.び,ケイ,"kegembiraan, mengucapkan selamat, bersukacita, bahagia","弁慶【べんけい】orang kuat, orang yang berpura-pura berani, tabung bambu dengan lubang yang dibor (digunakan sebagai tempat untuk peralatan dapur, kipas, dll.), cek, tartan, ...",早慶戦【そうけいせん】pertandingan antara Universitas Waseda dan Universitas Keio (khususnya baseball),"慶祝【けいしゅく】selamat, perayaan",https://kanjikana.com/id/kanji/慶?jlpt=1,1300
殖,"ふ.える, ふ.やす",ショク,"mempertinggi, meningkatkan, kalikan, mengangkat","繁殖【はんしょく】pembiakan, perambatan, reproduksi, perkalian, meningkatkan","増殖【ぞうしょく】meningkatkan, perkalian, perambatan, perkembangbiakan","養殖【ようしょく】akuakultur, budaya, budidaya, mengangkat",https://kanjikana.com/id/kanji/殖?jlpt=1,1362
尿,"ゆばり, いばり, しと",ニョウ,urin,尿【にょう】urin,利尿【りにょう】diuresis,泌尿器【ひにょうき】organ kemih,https://kanjikana.com/id/kanji/尿?jlpt=1,1672
廊,,ロウ,"koridor, aula, menara","廊下【ろうか】koridor, lorong","画廊【がろう】galeri seni, galeri foto","回廊【かいろう】koridor, galeri, lorong, kloister",https://kanjikana.com/id/kanji/廊?jlpt=1,1598
粋,いき,スイ,"mewah, gaya, kesucian, esensi, sumsum, krim, elite, pilihan","粋【いき】berkelas, pintar, bergaya, halus, canggih, ...","純粋【じゅんすい】murni, benar, asli","生粋【きっすい】murni, asli",https://kanjikana.com/id/kanji/粋?jlpt=1,1768
往,"い.く, いにしえ, さき.に, ゆ.く",オウ,"perjalanan, mengusir, melepaskan, pergi, sebelum, dahulu","往復【おうふく】membuat perjalanan pulang pergi, pergi dan kembali, datang dan pergi, tiket pulang-pergi, tiket pulang pergi, ...","往来【おうらい】datang dan pergi, lalu lintas, jalan, asosiasi, bersosialisasi, ...","立ち往生【たちおうじょう】dihentikan, terdampar, terjebak, mengulur waktu, kebuntuan, ...",https://kanjikana.com/id/kanji/往?jlpt=1,1421
乏,"とぼ.しい, とも.しい",ボウ,"kemiskinan, langka, terbatas","欠乏【けつぼう】kekurangan, ketidakcukupan, kurang, ingin, kelangkaan","乏しい【とぼしい】kurang, sederhana, langka, terbatas, miskin, ...","窮乏【きゅうぼう】kemiskinan, kekurangan",https://kanjikana.com/id/kanji/乏?jlpt=1,1646
鍋,なべ,カ,"pot, wajan, ketel","鍋【なべ】wajan, pot, panci, semur, hot pot","中華鍋【ちゅうかなべ】wajan, wajan cina",土鍋【どなべ】panci tanah liat,https://kanjikana.com/id/kanji/鍋?jlpt=1,1810
賄,まかな.う,ワイ,"suap, papan, pasokan, keuangan","賄う【まかなう】memasok, menutupi (biaya), membayar, membiayai, memelihara (misalnya, sebuah keluarga), ...","収賄【しゅうわい】menerima suap, korupsi, cangkok","贈賄【ぞうわい】suap, cangkok",https://kanjikana.com/id/kanji/賄?jlpt=1,1282
把,,"ハ, ワ","menggenggam, homoseksual, kelompok, penghitung untuk ikatan","把握【はあく】pemahaman, mengerti, memegang (dengan tangan), pegang, cengkeraman, ...",把【わ】penghitung untuk ikatan,,https://kanjikana.com/id/kanji/把?jlpt=1,1569
鼓,つづみ,コ,"drum, mengalahkan, membangkitkan, mengumpulkan",太鼓【たいこ】drum,"鼓舞【こぶ】dorongan, inspirasi, menggairahkan, mengaduk, mengangkat (misalnya, semangat)","太鼓判【たいこばん】anjing laut besar, cap besar, cap persetujuan, jaminan, dukungan",https://kanjikana.com/id/kanji/鼓?jlpt=1,1795
嘆,"なげ.く, なげ.かわしい",タン,"mendesah, ratapan, raungan, berduka, desahan kagum","嘆く【なげく】meratapi, berduka, menyesal, menyesalkan","嘆き【なげき】dukacita, ratapan","嘆願【たんがん】permohonan, banding, petisi",https://kanjikana.com/id/kanji/嘆?jlpt=1,1584
眺,なが.める,チョウ,"tatap, jam tangan, lihat, melihat, mengawasi","眺める【ながめる】melihat, memandang, menonton, menatap, memandang ke luar, ...","眺め【ながめ】pemandangan, prospek","眺望【ちょうぼう】prospek, pemandangan, pandangan",https://kanjikana.com/id/kanji/眺?jlpt=1,1726
是,"これ, この, ここ","ゼ, シ","hanya saja, ini, kanan, keadilan","是正【ぜせい】koreksi, revisi, mengganti, mengoreksi","是非【ぜひ】tentu saja, tanpa gagal, benar dan salah, kelebihan dan kekurangan",国是【こくぜ】kebijakan nasional,https://kanjikana.com/id/kanji/是?jlpt=1,1045
寸,,スン,"pengukuran, seperseratus shaku, sedikit, kecil","寸法【すんぽう】pengukuran, ukuran, luas, dimensi, rencana, ...","寸断【すんだん】memotong menjadi potongan-potongan, merobek menjadi potongan-potongan","一寸【いっすん】satu sun (sekitar 3.03 cm), sedikit",https://kanjikana.com/id/kanji/寸?jlpt=1,1669
措,お.く,ソ,"sisihkan, menyerah, menggantung, menghentikan, menyisihkan, kecuali","措置【そち】ukur, langkah, aksi",,,https://kanjikana.com/id/kanji/措?jlpt=1,818
墜,"お.ちる, お.つ",ツイ,"tabrakan, jatuh","墜落【ついらく】jatuh, kecelakaan",撃墜【げきつい】menembak jatuh (pesawat),"失墜【しっつい】penghinaan, jatuh, perampasan, merosot (dalam pandangan orang)",https://kanjikana.com/id/kanji/墜?jlpt=1,1466
肥,"こ.える, こえ, こ.やす, こ.やし, ふと.る",ヒ,"pupuk, gemuk, subur, pupuk kandang, memanjakan","肥料【ひりょう】pupuk kandang, pupuk, kompos","肥満【ひまん】kegemukan, obesitas","肥大【ひだい】pembengkakan, pembesaran, menjadi gemuk, hipertrofi",https://kanjikana.com/id/kanji/肥?jlpt=1,1469
羊,ひつじ,ヨウ,domba,羊毛【ようもう】wol,羊【ひつじ】domba (ovis aries),羊水【ようすい】cairan amnion,https://kanjikana.com/id/kanji/羊?jlpt=1,1852
炉,いろり,ロ,"perapian, tungku pembakaran, reaktor","原子炉【げんしろ】reaktor atomik, reaktor nuklir",炉心【ろしん】inti reaktor nuklir,高炉【こうろ】tanur tinggi,https://kanjikana.com/id/kanji/炉?jlpt=1,1359
粧,,ショウ,"kosmetik, menghiasi (diri seseorang)","化粧【けしょう】rias, kosmetik, dekorasi, penyedap rasa, lapisan tipis","化粧水【けしょうすい】losion kulit, pelembap wajah","厚化粧【あつげしょう】riasan tebal, makeup tebal",https://kanjikana.com/id/kanji/粧?jlpt=1,1545
丹,に,タン,"berwarna karat, merah, timbal merah, pil, keikhlasan","丹念【たんねん】teliti, hati-hati, terperinci, menguraikan","牡丹【ぼたん】mawar kayu (Paeonia suffruticosa), moutan, daging babi hutan","丹精【たんせい】bekerja dengan sungguh-sungguh, kesungguhan, ketekunan, usaha, nyeri",https://kanjikana.com/id/kanji/丹?jlpt=1,1402
曹,,"ソウ, ゾウ","kantor, resmi, kawan, teman","法曹【ほうそう】profesi hukum, pejabat yudisial, pengacara",法曹界【ほうそうかい】lingkaran hukum,"御曹司【おんぞうし】anak dari keluarga terkemuka, anak bangsawan",https://kanjikana.com/id/kanji/曹?jlpt=1,1998
彫,"ほ.る, -ぼ.り",チョウ,"ukir, mengukir, pahat","彫刻【ちょうこく】ukiran, patung","彫る【ほる】mengukir, memahat, mentato","浮き彫り【うきぼり】lega, ukiran timbul, membawa ke depan, menonjolkan sesuatu",https://kanjikana.com/id/kanji/彫?jlpt=1,1533
秩,,チツ,"keteraturan, gaji, pesan","秩序【ちつじょ】pesan, disiplin, keteraturan, sistem, metode","無秩序【むちつじょ】gangguan, kekacauan, kebingungan",,https://kanjikana.com/id/kanji/秩?jlpt=1,1275
旦,"あき.らか, あきら, ただし, あさ, あした","タン, ダン","fajar, pagi","旦那【だんな】tuan rumah, suami, tuan, bos, gubernur, ...","一旦【いったん】sekali, untuk waktu singkat, singkatnya, sementara, suatu pagi","旦那様【だんなさま】suami, tuan",https://kanjikana.com/id/kanji/旦?jlpt=1,null
磁,,ジ,"magnet, porselen",磁気【じき】magnetisme,"磁器【じき】porselen (terutama porselen keras), cina, peralatan makan dari porselen","磁石【じしゃく】magnet, kompas",https://kanjikana.com/id/kanji/磁?jlpt=1,1686
漂,ただよ.う,ヒョウ,"mengambang, mengapung (pada cairan)","漂う【ただよう】mengapung, menghembuskan, menggantung di udara, ada di udara, berkelana, ...","漂流【ひょうりゅう】mengambang, terapung","漂白剤【ひょうはくざい】agen pemutih, pemutih",https://kanjikana.com/id/kanji/漂?jlpt=1,1492
乙,"おと-, きのと","オツ, イツ","yang terakhir, duplikat, aneh, cerdik, radikal kail pancing (no. 5)","乙【おつ】kedua, b (nilai), yang terakhir, bergaya, berkelas, ...","甲乙【こうおつ】pertama dan kedua, a dan b, keunggulan dan (atau) kekurangan, perbedaan (dalam kualitas), pengertian, ...","早乙女【さおとめ】petani padi wanita muda, gadis muda",https://kanjikana.com/id/kanji/乙?jlpt=1,1841
腸,"はらわた, わた",チョウ,"usus, keberanian, jeroan","大腸【だいちょう】usus besar, kolon","胃腸【いちょう】perut dan usus, saluran pencernaan, organ pencernaan","大腸菌【だいちょうきん】escherichia coli (e. coli), bakteri kolon",https://kanjikana.com/id/kanji/腸?jlpt=1,1807
匂,"にお.う, にお.い, にお.わせる",,"harum, bau, bercahaya, mengisyaratkan, (tulisan yang tidak diterbitkan)","匂い【におい】bau, aroma, bau busuk, aura, berbau ..., ...",,,https://kanjikana.com/id/kanji/匂?jlpt=1,2213
汁,"しる, -しる, つゆ",ジュウ,"sup, jus, kaldu, getah, kuah, kucing","汁【しる】jus, getah, sup, kaldu, saus celupan",果汁【かじゅう】jus buah,胆汁【たんじゅう】empedu,https://kanjikana.com/id/kanji/汁?jlpt=1,1843
腫,"は.れる, は.れ, は.らす, はれもの","シュ, ショウ","tumor, pembengkakan",腫【しゅ】tumor,"腫瘍【しゅよう】tumor, neoplasma, neoplasia",,https://kanjikana.com/id/kanji/腫?jlpt=1,2145
卑,"いや.しい, いや.しむ, いや.しめる",ヒ,"rendah hati, dasar, jahat, kasar","卑怯【ひきょう】pengecut, tidak adil, berarti, licik, kotor, ...","卑屈【ひくつ】hamba, tunduk, taat asal, budak, merendahkan diri sendiri, ...","卑下【ひげ】penghinaan diri sendiri, kesederhanaan, pengurangan nilai diri",https://kanjikana.com/id/kanji/卑?jlpt=1,2003
較,くら.べる,"カク, コウ","kontras, bandingkan","比較的【ひかくてき】secara komparatif, relatif",比較【ひかく】perbandingan,,https://kanjikana.com/id/kanji/較?jlpt=1,1172
祥,"さいわ.い, きざ.し, よ.い, つまび.らか",ショウ,"mujur, kebahagiaan, pertanda baik, keberuntungan baik","不祥事【ふしょうじ】skandal, ketidakpatutan, pelanggaran","発祥【はっしょう】asal, penampakan tanda baik bahwa seseorang akan menerima mandat ilahi untuk menjadi kaisar, kelahiran seorang kaisar atau leluhurnya","発祥地【はっしょうち】tempat kelahiran (misalnya, jazz, Buddha), buaian, tempat asal",https://kanjikana.com/id/kanji/祥?jlpt=1,1273
赦,,シャ,"maaf, pengampunan","恩赦【おんしゃ】amnesti, maaf","特赦【とくしゃ】pengampunan khusus, amnesti umum","赦免【しゃめん】maaf, remisi, amnesti",https://kanjikana.com/id/kanji/赦?jlpt=1,1868
粘,ねば.る,ネン,"lengket, berminyak, bertahan","粘り【ねばり】kekentalan, kekenyalan, ketekunan","粘る【ねばる】menjadi lengket, bertahan, menempel pada, mengendap","粘り強い【ねばりづよい】gigih, tekun, bandel, teguh, lengket",https://kanjikana.com/id/kanji/粘?jlpt=1,1410
奨,すす.める,"ショウ, ソウ","mendesak, dorongan, mendorong","奨励【しょうれい】dorongan, promosi, pemikat, penghasutan, stimulasi","奨学金【しょうがくきん】beasiswa, uang saku, pinjaman mahasiswa",奨学【しょうがく】dorongan untuk belajar,https://kanjikana.com/id/kanji/奨?jlpt=1,1445
隷,"したが.う, しもべ",レイ,"budak, pelayan, tahanan, kriminal, pengikut","奴隷【どれい】budak, pelayan, perbudakan",隷書【れいしょ】skrip klerikal (gaya kanji kuno yang sangat bersudut),,https://kanjikana.com/id/kanji/隷?jlpt=1,2009
垂,"た.れる, た.らす, た.れ, -た.れ, なんなんと.す",スイ,"layu, menggantung, gantung, berkeliaran","垂れる【たれる】menggantung, merosot, mengendur, menurunkan, menarik ke bawah, ...","垂直【すいちょく】vertikal, tegak lurus","垂れ幕【たれまく】spanduk gantung, layar gantung, tirai",https://kanjikana.com/id/kanji/垂?jlpt=1,1720
拶,せま.る,サツ,"segera terjadi, mendekat","挨拶【あいさつ】salam, salam hormat, belasungkawa, selamat, pidato (ucapan selamat atau penghargaan), ...","ご挨拶【ごあいさつ】salam, hal yang bagus untuk dikatakan",,https://kanjikana.com/id/kanji/拶?jlpt=1,null
寮,,リョウ,"asrama, vila, paviliun teh","寮【りょう】asrama, biro, ruang upacara teh, vila","寮生【りょうせい】perbatasan, siswa asrama",寮母【りょうぼ】ibu asrama,https://kanjikana.com/id/kanji/寮?jlpt=1,1705
剰,"あまつさえ, あま.り, あま.る",ジョウ,"kelebihan, selain","過剰【かじょう】kelebihan, kelimpahan berlebihan","余剰【よじょう】kelebihan, sisa, margin, keseimbangan","剰余金【じょうよきん】kelebihan, keseimbangan",https://kanjikana.com/id/kanji/剰?jlpt=1,1448
癖,"くせ, くせ.に",ヘキ,"manierisme, kebiasaan, wakil, sifat, kesalahan, perversi seksual","癖【くせ】kebiasaan (biasanya yang buruk), kecenderungan, keunikan, manierisme, keanehan, ...","口癖【くちぐせ】ucapan hewan peliharaan, frasa favorit, frasa baku, slogan, cara berbicara","潔癖【けっぺき】ketelitian, cinta akan kebersihan",https://kanjikana.com/id/kanji/癖?jlpt=1,1973
恒,"つね, つねに",コウ,"kesetiaan, selalu","恒例【こうれい】praktik yang sudah mapan, adat","恒久【こうきゅう】ketetapan, kekekalan","恒常【こうじょう】ketekunan, keabadian",https://kanjikana.com/id/kanji/恒?jlpt=1,1314
涯,はて,ガイ,"cakrawala, pantai, batas, terikat","生涯教育【しょうがいきょういく】pendidikan seumur hidup, pendidikan berkelanjutan, pendidikan lanjutan","生涯【しょうがい】kehidupan, seumur hidup, karier, sepanjang hidup seseorang, selama seseorang hidup",,https://kanjikana.com/id/kanji/涯?jlpt=1,1525
厄,,ヤク,"tidak beruntung, kesialan, nasib buruk, bencana","厄介【やっかい】masalah, beban, gangguan, ganggu, khawatir, ...","厄年【やくどし】tahun sial, tahun kritis, tahun (khususnya usia 25 dan 42 untuk pria, 19 dan 33 untuk wanita) yang dianggap sial (asalnya dari Onmyōdō), tahun buruk, tahun yang mengerikan","厄【やく】kesialan, sial, jahat, bencana, tahun sial, ...",https://kanjikana.com/id/kanji/厄?jlpt=1,2123
侮,"あなど.る, あなず.る",ブ,"penghinaan, menghina, meremehkan","侮辱【ぶじょく】penghinaan, sedikit, penghinaan (misalnya terhadap pengadilan)",,,https://kanjikana.com/id/kanji/侮?jlpt=1,2004
培,つちか.う,バイ,"mengolah, memelihara",栽培【さいばい】budidaya,"培養【ばいよう】budaya, budidaya, budidaya (tanaman), tumbuh, mengangkat, ...","培う【つちかう】mengolah, mendorong",https://kanjikana.com/id/kanji/培?jlpt=1,1431
曽,"かつ, かつて, すなわち","ソウ, ソ, ゾウ","dahulu, sekali, sebelum, pernah, tidak pernah, bekas-",,,,https://kanjikana.com/id/kanji/曽?jlpt=1,1320
壇,,"ダン, タン","podium, panggung, mimbar, teras","壇【だん】platform, podium, mimbar, gundukan (upacara), dunia, ...",花壇【かだん】tempat tanaman bunga,"土壇場【どたんば】menit terakhir, jam kesebelas, platform yang terbuat dari tanah yang digunakan untuk melakukan eksekusi (pemenggalan kepala) pada periode Edo",https://kanjikana.com/id/kanji/壇?jlpt=1,1512
芳,かんば.しい,ホウ,"parfum, sejuk, menguntungkan, harum","芳しい【かんばしい】harum, aromatik, baik, menguntungkan","芳香【ほうこう】parfum, wewangian, aroma, balsem, aroma manis",,https://kanjikana.com/id/kanji/芳?jlpt=1,1302
垣,かき,エン,"pagar hidup, pagar, dinding","垣根【かきね】pagar hidup, pagar, perbatasan, batas",石垣【いしがき】dinding batu,"垣【かき】pagar, pagar tanaman, penghalang, dinding, pagar pembatas",https://kanjikana.com/id/kanji/垣?jlpt=1,1539
銘,,メイ,"prasetia, tanda tangan (dari pengrajin)","銘柄【めいがら】merek, membuat, deskripsi, nama perdagangan saham dan sekuritas","感銘【かんめい】kesan mendalam, sangat terharu","銘記【めいき】ingatlah, perhatikan, ingat",https://kanjikana.com/id/kanji/銘?jlpt=1,1394
巧,"たく.み, たく.む, うま.い",コウ,"cakap, terampil, kecerdikan","巧み【たくみ】terampil, cakap, cemerlang, pintar, jenius, ...","精巧【せいこう】menguraikan, halus, luar biasa","巧妙【こうみょう】jenius, terampil, pintar, cepat",https://kanjikana.com/id/kanji/巧?jlpt=1,1537
宴,うたげ,エン,"pesta jamuan, pesta","宴会【えんかい】pesta, pesta jamuan, resepsi, makan malam","宴席【えんせき】perjamuan, pesta makan malam",饗宴【きょうえん】pesta,https://kanjikana.com/id/kanji/宴?jlpt=1,1675
剛,,ゴウ,"kokoh, kekuatan","金剛【こんごう】vajra (zat tak terhancurkan), berlian, adamantin, petir, Senjata Indra, ...","剛毅【ごうき】ketabahan, keteguhan karakter, keberanian, kejantanan","剛健【ごうけん】semangat, kejantanan, kesehatan, ketangguhan",https://kanjikana.com/id/kanji/剛?jlpt=1,1576
徐,おもむ.ろに,ジョ,"secara bertahap, perlahan, sengaja, dengan lembut",徐行【じょこう】berjalan lambat,"徐々に【じょじょに】secara bertahap, perlahan, sedikit demi sedikit, langkah demi langkah",,https://kanjikana.com/id/kanji/徐?jlpt=1,1470
怠,"おこた.る, なま.ける",タイ,"mengabaikan, kemalasan","怠慢【たいまん】kelalaian, mengabaikan, penundaan","怠る【おこたる】mengabaikan, cuai dalam, gagal melakukan, tidak menyelesaikan, menghindari, ...","怠け者【なまけもの】orang malas, pemalas, orang pemalas",https://kanjikana.com/id/kanji/怠?jlpt=1,1703
弓,ゆみ,キュウ,"busur, busur (untuk panahan), busur (untuk biola)","弓【ゆみ】busur (senjata), panahan, busur","洋弓【ようきゅう】panahan barat, busur ala barat","弓道【きゅうどう】kyudo, panahan jepang",https://kanjikana.com/id/kanji/弓?jlpt=1,1802
蓄,たくわ.える,チク,"mengumpulkan, mengangkat, menimbun, toko",貯蓄【ちょちく】tabungan,"蓄積【ちくせき】akumulasi, mengumpulkan, toko","蓄える【たくわえる】menyimpan, menabung, menimbun, mengumpulkan persediaan, menyisihkan, ...",https://kanjikana.com/id/kanji/蓄?jlpt=1,1260
漬,"つ.ける, つ.かる, -づ.け, -づけ",シ,"pengawetan, merendam, melembabkan, curam","漬ける【つける】merendam, mencelupkan, mengawetkan, mengawetkan (dalam garam, cuka, dll.)","漬物【つけもの】acar Jepang, sayuran acar Jepang","塩漬け【しおづけ】pengasinan, tetap tidak berubah, tidak digunakan",https://kanjikana.com/id/kanji/漬?jlpt=1,1818
穫,,カク,"panen, menuai","収穫【しゅうかく】panen, tanaman, buah (dari jerih payah seseorang), keuntungan, hasil, ...",,,https://kanjikana.com/id/kanji/穫?jlpt=1,1642
爪,"つめ, つま-",ソウ,"cakar, kuku","爪【つめ】kuku, cakar, kuku kaki (pada hewan berkuku), plektrum, pilih, ...",,,https://kanjikana.com/id/kanji/爪?jlpt=1,2025
泡,あわ,ホウ,"gelembung, busa","泡【あわ】gelembung, busa, busa (pada bir)","発泡スチロール【はっぽうスチロール】stirofoam, busa stiren, polistiren ekspansi",発泡【はっぽう】berbusa,https://kanjikana.com/id/kanji/泡?jlpt=1,1872
疫,,"エキ, ヤク",wabah,"免疫【めんえき】kekebalan, imunisasi, mengeras, tidak terpengaruh, terbiasa","検疫【けんえき】karantina, pemeriksaan medis","防疫【ぼうえき】pengendalian penyakit menular (misalnya melalui karantina, disinfeksi, dll.), pencegahan epidemi",https://kanjikana.com/id/kanji/疫?jlpt=1,1661
凡,"およ.そ, おうよ.そ, すべ.て","ボン, ハン","umum, biasa, biasa-biasa saja",凡退【ぼんたい】keluar dalam urutan 1-2-3,"凡【ぼん】biasa, umum, biasa-biasa saja","凡人【ぼんじん】orang biasa, orang rata-rata, orang yang biasa-biasa saja",https://kanjikana.com/id/kanji/凡?jlpt=1,1730
陳,ひ.ねる,チン,"pameran, negara bagian, berhubungan, jelaskan","陳列【ちんれつ】pameran, tampilan, mementaskan","陳述【ちんじゅつ】pernyataan, deklarasi","陳情【ちんじょう】petisi, banding",https://kanjikana.com/id/kanji/陳?jlpt=1,1323
搭,,トウ,"papan, memuat (kendaraan), mengendarai","搭乗【とうじょう】keberangkatan, mendaftar (kapal atau pesawat)","搭載【とうさい】pemuatan (di kapal), melengkapi (pesawat, mobil, dll.) dengan, dilengkapi dengan",,https://kanjikana.com/id/kanji/搭?jlpt=1,1472
糧,かて,"リョウ, ロウ","ketentuan, makanan, roti","食糧【しょくりょう】makanan (khususnya makanan pokok seperti beras atau gandum), ketentuan, rasion, pasokan makanan",食糧庁【しょくりょうちょう】lembaga pangan,"兵糧【ひょうろう】persediaan militer, makanan",https://kanjikana.com/id/kanji/糧?jlpt=1,1354
頻,しき.りに,ヒン,"berulang-ulang, berulang","頻繁【ひんぱん】sering, tak henti-hentinya",頻度【ひんど】frekuensi (kejadian),頻発【ひんぱつ】kejadian yang sering,https://kanjikana.com/id/kanji/頻?jlpt=1,1590
礎,いしずえ,ソ,"batu penjuru, batu fondasi",基礎【きそ】dasar,"礎【いしずえ】batu fondasi, batu penjuru",基礎控除【きそこうじょ】pengurangan dasar atau standar,https://kanjikana.com/id/kanji/礎?jlpt=1,1224
啓,"ひら.く, さと.す",ケイ,"membuka, buka, katakan","拝啓【はいけい】yang terhormat (si anu), yang terhormat, yang terhormat nyonya, kepada yang terhormat","啓発【けいはつ】pencerahan, pengembangan, pembinaan, kesadaran publik, penerangan, ...","啓蒙【けいもう】pencerahan, penerangan",https://kanjikana.com/id/kanji/啓?jlpt=1,1403
謙,へりくだ.る,ケン,"tidak suka menonjol, merendahkan diri, bersikap rendah hati","謙虚【けんきょ】sederhana, rendah hati",,,https://kanjikana.com/id/kanji/謙?jlpt=1,1582
扶,たす.ける,フ,"bantuan, bantu, membantu","扶養【ふよう】dukungan (misalnya untuk orang yang ditanggung), pemeliharaan","扶助【ふじょ】bantuan, dukungan","扶桑【ふそう】pohon ilahi atau pulau di timur Tiongkok (dalam mitologi Tiongkok), Fusang, jepang, kembang sepatu (Hibiscus rosa-sinensis)",https://kanjikana.com/id/kanji/扶?jlpt=1,1879
塊,"かたまり, つちくれ","カイ, ケ","gumpalan, benjolan, potongan, massa","塊【かたまり】benjolan, massa, paket, gumpalan, kelompok, ...","団塊【だんかい】massa, benjolan, gumpalan, nodul, generasi baby boom (tahun 1947-1949), ...","金塊【きんかい】butiran emas, batangan emas, batangan emas, batangan emas",https://kanjikana.com/id/kanji/塊?jlpt=1,1800
翻,"ひるがえ.る, ひるがえ.す","ホン, ハン","membalikkan, gelombang, bergelepar, mengubah pikiran","翻訳【ほんやく】terjemahan, mendeskripsikan, dekoding",翻意【ほんい】mengubah pikiran seseorang,"翻案【ほんあん】adaptasi (dari sebuah novel, drama, dll.)",https://kanjikana.com/id/kanji/翻?jlpt=1,1465
彰,,ショウ,"paten, bersih","表彰【ひょうしょう】(penghargaan) resmi, pengakuan publik, memberikan penghargaan, menghormati","顕彰【けんしょう】menghormati (secara terbuka), menghormati, membuat perbuatan baik atau pencapaian seseorang menjadi terkenal",,https://kanjikana.com/id/kanji/彰?jlpt=1,1310
恭,うやうや.しい,キョウ,"hormat, takzim",,,,https://kanjikana.com/id/kanji/恭?jlpt=1,1737
摂,"おさ.める, かね.る, と.る","セツ, ショウ","perwakilan, pengganti, bertindak selain itu, menerima, menyerap","摂理【せつり】hukum (alam), ketentuan ilahi","包摂【ほうせつ】inklusi, meliputi, konotasi, subsumsi","摂取【せっしゅ】asupan (misalnya garam), pengambilan, penyerapan (misalnya pengetahuan baru), adopsi (misalnya dari budaya asing), asimilasi, ...",https://kanjikana.com/id/kanji/摂?jlpt=1,1779
疎,"うと.い, うと.む, まば.ら","ソ, ショ","mengasingkan, kasar, mengabaikan, menghindari, jarang, menembus","過疎【かそ】kurang penduduk, kepadatan penduduk rendah, pengurangan jumlah penduduk","疎開【そかい】penyebaran, evakuasi, penghapusan, menyebarkan (pasukan)","疎通【そつう】pemahaman (timbal balik), komunikasi, berlalu tanpa halangan",https://kanjikana.com/id/kanji/疎?jlpt=1,1572
苗,"なえ, なわ-","ビョウ, ミョウ","bibit, pohon muda, tembak","苗【なえ】bibit, tanaman muda, bibit padi","苗木【なえぎ】bibit, pohon muda","種苗【しゅびょう】biji dan bibit, telur dan anak-anak yang menetas, (telur) ikan dan benih",https://kanjikana.com/id/kanji/苗?jlpt=1,1713
祉,,シ,"kesejahteraan, kebahagiaan","福祉【ふくし】kesejahteraan, kesejahteraan sosial, jaminan sosial, pelayanan sosial",社会福祉【しゃかいふくし】kesejahteraan sosial,,https://kanjikana.com/id/kanji/祉?jlpt=1,1063
殻,"から, がら","カク, コク, バイ","sekam, cangkang kacang","貝殻【かいがら】cangkang laut, cangkang","殻【から】cangkang, sekam, lambung kapal, kapsul","地殻変動【ちかくへんどう】diastrofisme (pergerakan dan deformasi kerak bumi), gejolak, pergeseran seismik, perubahan besar",https://kanjikana.com/id/kanji/殻?jlpt=1,1892
紳,,シン,"sirine, sabuk bagus, tuan",紳士【しんし】tuan,紳士協定【しんしきょうてい】perjanjian para pria,"紳士的【しんしてき】kesatria, berperilaku baik, beradab, seperti seorang pria sopan",https://kanjikana.com/id/kanji/紳?jlpt=1,1790
膜,,マク,membran,"膜【まく】membran, film",網膜【もうまく】retina,粘膜【ねんまく】membran mukosa,https://kanjikana.com/id/kanji/膜?jlpt=1,1804
径,"みち, こみち, さしわたし, ただちに",ケイ,"diameter, jalur, metode",直径【ちょっけい】diameter,半径【はんけい】radius,"口径【こうけい】bukaan, membosankan, kaliber",https://kanjikana.com/id/kanji/径?jlpt=1,1435
虜,"とりこ, とりく","リョ, ロ","tawanan, barbar, sebutan rendah untuk musuh","虜【とりこ】tawanan, tahanan, korban, budak (nafsu, dll.)","捕虜【ほりょ】tawanan (perang), tawanan perang, tawanan",,https://kanjikana.com/id/kanji/虜?jlpt=1,1678
珠,たま,シュ,"mutiara, permata",真珠【しんじゅ】mutiara,珠算【しゅざん】perhitungan pada sempoa,"数珠【じゅず】tasbih, rantai tasbih",https://kanjikana.com/id/kanji/珠?jlpt=1,1711
傘,かさ,サン,payung,"傘【かさ】payung, sesuatu yang berbentuk seperti payung atau topi kerucut, bayangan, tutup jamur, pileus","傘下【さんか】bekerja sama dengan, di bawah yurisdiksi dari, di bawah payung",核の傘【かくのかさ】payung nuklir,https://kanjikana.com/id/kanji/傘?jlpt=1,1694
嫉,"そね.む, ねた.む, にく.む",シツ,"cemburu, iri","嫉妬【しっと】cemburu, iri",,,https://kanjikana.com/id/kanji/嫉?jlpt=1,2317
唐,から,トウ,"T'ang, cina, asing",唐突【とうとつ】tiba-tiba,"唐【とう】dinasti tang (dari cina; 618-907), dinasti tang, cina, negara asing",唐揚げ【からあげ】makanan goreng (khususnya ayam),https://kanjikana.com/id/kanji/唐?jlpt=1,1727
壮,さかん,ソウ,"tangguh, kejantanan, kemakmuran","壮大【そうだい】magnifik, besar, megah, luar biasa","悲壮【ひそう】tragis tapi berani, heroik, suram",壮年【そうねん】masa keemasan,https://kanjikana.com/id/kanji/壮?jlpt=1,1657
侍,"さむらい, はべ.る","ジ, シ","pelayan, samurai, tunggu pada, melayani","侍【さむらい】samurai, pelayan (pada orang yang memiliki kedudukan tinggi), retainer",侍従【じじゅう】kamarwan,侍医【じい】dokter istana,https://kanjikana.com/id/kanji/侍?jlpt=1,1939
暦,こよみ,"レキ, リャク","kalender, almanak","還暦【かんれき】kanreki, ulang tahun ke-60 (atau ke-61 dalam sistem perhitungan usia tradisional) ketika seseorang telah hidup melalui satu siklus seksagenari penuh","西暦【せいれき】Era Umum, CE, Era Kristen, tahun masehi, md, ...",旧暦【きゅうれき】kalender lama (lunisolar) Jepang,https://kanjikana.com/id/kanji/暦?jlpt=1,1765
勲,いさお,クン,"tindakan berjasa, jasa","殊勲【しゅくん】layanan terkemuka, tindakan berjasa","文化勲章【ぶんかくんしょう】tatanan kebudayaan, Tanda Kehormatan Budaya",叙勲【じょくん】pemberian penghargaan,https://kanjikana.com/id/kanji/勲?jlpt=1,1513
軸,,ジク,"sumbu, poros, batang, tangkai, penghitung untuk gulungan buku","軸【じく】sumbu, poros, pusat, titik fokus, poin kunci, ...","主軸【しゅじく】poros utama, penopang utama, poros, sumbu utama","中軸【ちゅうじく】sumbu, poros, figur sentral, orang kunci",https://kanjikana.com/id/kanji/軸?jlpt=1,1261
淡,あわ.い,タン,"tipis, pingsan, pucat, sementara",淡水【たんすい】air tawar,"淡々【たんたん】tidak tertarik, tidak peduli, acuh tak acuh, tidak berpihak, langsung, ...","濃淡【のうたん】cahaya dan bayangan, nuansa, kedalaman (rasa), kompleksitas, kekuatan dan kelemahan (rasa)",https://kanjikana.com/id/kanji/淡?jlpt=1,1436
粗,"あら.い, あら-",ソ,kasar,"粗筋【あらすじ】garis besar, ringkasan, argumen","粗末【そまつ】kasar, polos, rendah hati, kusam, kualitas rendah",粗い【あらい】kasar,https://kanjikana.com/id/kanji/粗?jlpt=1,1689
妬,"ねた.む, そね.む, つも.る, ふさ.ぐ","ト, ツ","cemburu, iri","嫉妬【しっと】cemburu, iri",,,https://kanjikana.com/id/kanji/妬?jlpt=1,null
矛,ほこ,"ム, ボウ","tombak kapak, lengan, kereta festival","矛盾【むじゅん】kontradiksi, ketidakkonsistenan","矛先【ほこさき】ujung tombak, tombak, fokus, tujuan, sasaran, ...","矛【ほこ】tombak Cina berpegangan panjang, tombak, belut laut, senjata, lengan, ...",https://kanjikana.com/id/kanji/矛?jlpt=1,1538
瞳,ひとみ,"ドウ, トウ",pupil (mata),"瞳【ひとみ】pupil (dari mata), mata seseorang",瞳孔【どうこう】pupil (mata),,https://kanjikana.com/id/kanji/瞳?jlpt=1,2069
憧,あこが.れる,"ショウ, トウ, ドウ","menginginkan, merindukan, berharap untuk, mengagumi, mencintai","憧れ【あこがれ】kerinduan, aspirasi, pengaguman, kekaguman","憧れる【あこがれる】merindukan, mengagumi, tertarik oleh","憧憬【どうけい】kerinduan, aspirasi, pengaguman",https://kanjikana.com/id/kanji/憧?jlpt=1,2259
汽,,キ,uap,"汽船【きせん】kapal uap, pengukus","汽車【きしゃ】kereta api (khususnya kereta jarak jauh), kereta uap",汽笛【きてき】peluit uap,https://kanjikana.com/id/kanji/汽?jlpt=1,2020
閥,,バツ,"klik, garis keturunan, silsilah, faksi, klan","派閥【はばつ】klik, faksi","財閥【ざいばつ】zaibatsu, konglomerat keuangan, kelompok industri, orang kaya","閥【ばつ】klik, klan, faksi",https://kanjikana.com/id/kanji/閥?jlpt=1,1072
岳,たけ,ガク,"titik, puncak, gunung","山岳【さんがく】rantai gunung, gunung","岳【たけ】puncak, gunung",,https://kanjikana.com/id/kanji/岳?jlpt=1,1334
衰,おとろ.える,スイ,"menurun, meredup, melemahkan","老衰【ろうすい】pikun, kerusakan akibat pikun, kelemahan (karena usia)","衰退【すいたい】penurunan, degenerasi, peluruhan, menipis, surut","衰え【おとろえ】melemahkan, kurus kering, penurunan",https://kanjikana.com/id/kanji/衰?jlpt=1,1432
痴,"し.れる, おろか",チ,bodoh,"愚痴【ぐち】keluhan yang tidak penting, menggerutu, kebodohan",痴呆【ちほう】demensia,"痴漢【ちかん】pencabul, penggropok, penumbuk, cabul, bodoh, ...",https://kanjikana.com/id/kanji/痴?jlpt=1,1663
斜,"なな.め, はす",シャ,"diagonal, miring","斜面【しゃめん】lereng, permukaan miring, fas miring","斜め【ななめ】miring, diagonal, terdistorsi, buruk, salah, ...","傾斜【けいしゃ】kecenderungan, miring, lereng, fas miring, daftar, ...",https://kanjikana.com/id/kanji/斜?jlpt=1,1504
諾,,ダク,"persetujuan, perjanjian","承諾【しょうだく】persetujuan, penerimaan, perjanjian, kepatuhan",受諾【じゅだく】penerimaan,"許諾【きょだく】persetujuan, izin",https://kanjikana.com/id/kanji/諾?jlpt=1,1490
逸,"そ.れる, そ.らす, はぐ.れる",イツ,"menyimpang, kemalasan, waktu luang, meleset dari sasaran, menghindari, menangkis, berpisah","逸脱【いつだつ】penyimpangan, keberangkatan, penghilangan","逸材【いつざい】bakat luar biasa, orang dengan bakat luar biasa, orang berbakat",逸話【いつわ】aneh,https://kanjikana.com/id/kanji/逸?jlpt=1,1524
拷,,ゴウ,"penyiksaan, mengalahkan",拷問【ごうもん】penyiksaan,,,https://kanjikana.com/id/kanji/拷?jlpt=1,2057
朱,あけ,シュ,"merah bata, sinabar, merah menyala, merah, berdarah",朱印【しゅいん】cap merah,"朱【あけ】merah, merah bata, sinabar, merah menyala","朱【しゅ】merah vermilion, cinnabar, merah oranye, merah padam (pigmen), batu tinta cinnabar, ...",https://kanjikana.com/id/kanji/朱?jlpt=1,1788
肢,,シ,"anggota badan, lengan & kaki","選択肢【せんたくし】pilihan, alternatif","肢体【したい】anggota tubuh, lengan dan kaki, tubuh","四肢【しし】empat anggota badan, lengan dan kaki",https://kanjikana.com/id/kanji/肢?jlpt=1,2289
餌,"え, えば, えさ, もち","ジ, ニ","makanan, umpan, mangsa, keuntungan menggiurkan","餌【えさ】pakan (hewan), pakan, makanan hewan peliharaan, umpan, penggodaan",,,https://kanjikana.com/id/kanji/餌?jlpt=1,2277
疾,はや.い,シツ,cepat,"疾患【しっかん】penyakit, gangguan, kondisi",疾病【しっぺい】penyakit,"疾走【しっそう】berlari kencang, tanda hubung, berlarian",https://kanjikana.com/id/kanji/疾?jlpt=1,1577
俗,,ゾク,"kasar, kebiasaan, sopan santun, keduniawian, hal-hal sepele","風俗【ふうぞく】sopan santun, kebiasaan, moral publik, layanan seksual, industri seks, ...","風俗営業【ふうぞくえいぎょう】bisnis yang menawarkan makanan dan hiburan, bisnis kabaret, klub, perjudian, dan restoran, industri seks, bisnis terkait seks","俗に【ぞくに】sebagai bahasa gaul, umumnya",https://kanjikana.com/id/kanji/俗?jlpt=1,1610
舗,,ホ,"toko, membuka","舗装【ほそう】membangun jalan, pengaspalan (dengan aspal, beton, dll.), trotoar",店舗【てんぽ】toko,"老舗【しにせ】toko yang sudah lama berdiri, toko tua",https://kanjikana.com/id/kanji/舗?jlpt=1,1412
蛍,ほたる,ケイ,kunang-kunang,"蛍光灯【けいこうとう】lampu fluorescent, lampu neon, orang yang lambat bereaksi, seseorang yang lambat dalam memahami","蛍【ほたる】kunang-kunang (Luciola cruciata), kunang-kunang",蛍光【けいこう】fluoresensi,https://kanjikana.com/id/kanji/蛍?jlpt=1,2031
扇,おうぎ,セン,"kipas, kipas lipat",扇風機【せんぷうき】kipas angin,扇子【せんす】kipas lipat,"扇動【せんどう】hasutan, penghasutan, kegelisahan, mendukung",https://kanjikana.com/id/kanji/扇?jlpt=1,1805
澄,"す.む, す.ます, -す.ます",チョウ,"kejelasan, menjelaskan, jelas, jelaskan, menyelesaikan, tekanan, terlihat serius","澄ます【すます】membersihkan, memperjelas, tetap tenang, terlihat tidak peduli, berpura-pura acuh tak acuh, ...","澄む【すむ】menjadi jernih, menjadi transparan, bergema dengan jelas, menjadi tenang, bebas dari kekhawatiran, ...","清澄【せいちょう】jelas, tenang",https://kanjikana.com/id/kanji/澄?jlpt=1,1722
栽,,サイ,"perkebunan, penanaman",栽培【さいばい】budidaya,"盆栽【ぼんさい】bonsai, tanaman pot mini",植栽【しょくさい】menanam pohon dan tanaman,https://kanjikana.com/id/kanji/栽?jlpt=1,1496
搬,,ハン,"konveyor, membawa, transportasi","運搬【うんぱん】transportasi, pengangkutan, kereta","搬入【はんにゅう】membawa masuk (khususnya benda berat, karya seni, perabotan), membawa masuk, mengambil","搬出【はんしゅつ】membawa keluar (khususnya objek berat, karya seni, perabotan), mengeluarkan",https://kanjikana.com/id/kanji/搬?jlpt=1,1664
遮,さえぎ.る,シャ,"mencegat, mengganggu, menghalangi","遮る【さえぎる】mengganggu, menghalangi, memblokir (cahaya, angin, dll.), mencegat, memotong","遮断機【しゃだんき】palang pintu kereta api, palang",遮断器【しゃだんき】pemutus sirkuit,https://kanjikana.com/id/kanji/遮?jlpt=1,1865
凝,"こ.る, こ.らす, こご.らす, こご.らせる, こご.る",ギョウ,"membeku, membekukan, kaku, terpaku pada","凝縮【ぎょうしゅく】kondensasi, kondensasi (dari uap atau gas)","凝った【こった】menguraikan, indah, berhias, halus, canggih","凝固【ぎょうこ】koagulasi, membeku, pembekuan",https://kanjikana.com/id/kanji/凝?jlpt=1,1712
唇,くちびる,シン,bibir,唇【くちびる】bibir,,,https://kanjikana.com/id/kanji/唇?jlpt=1,1992
陪,,バイ,"penghormatan, mengikuti, menemani, menghadiri",陪審【ばいしん】juri,陪審員【ばいしんいん】juri,,https://kanjikana.com/id/kanji/陪?jlpt=1,1917
葛,"つづら, くず","カツ, カチ","ganyong, kudzu","葛藤【かっとう】konflik, komplikasi, kesulitan, discord","葛【くず】kudzu (Pueraria montana), arrowroot jepang, sinomenium acutum (chinese moonseed)",,https://kanjikana.com/id/kanji/葛?jlpt=1,1547
妄,みだ.りに,"モウ, ボウ","khayalan, secara tidak perlu, tanpa wewenang, ceroboh","妄想【もうそう】khayalan, ide liar, khayalan liar, fantasi yang konyol",,,https://kanjikana.com/id/kanji/妄?jlpt=1,2264
愉,"たの.しい, たの.しむ",ユ,"kesenangan, bahagia, bersukacita","愉快【ゆかい】menyenangkan, gembira, ceria, menghibur, bahagia","不愉快【ふゆかい】tidak menyenangkan, tidak nyaman, tidak bahagia",,https://kanjikana.com/id/kanji/愉?jlpt=1,1974
塾,,ジュク,"bimbingan belajar, sekolah swasta","塾【じゅく】bimbingan belajar, sekolah bimbingan belajar privat, juku",塾長【じゅくちょう】kepala sekolah swasta,義塾【ぎじゅく】sekolah swasta,https://kanjikana.com/id/kanji/塾?jlpt=1,1297
括,くく.る,カツ,"mengencangkan, mengikat, penangkapan, membatasi","一括【いっかつ】menggabungkan, menyimpulkan, paket, gumpalan, kelompok","包括【ほうかつ】inklusi, cakupan lengkap, kelengkapan","総括【そうかつ】ringkasan, generalisasi, tinjauan (oleh gerakan buruh atau politik dari aktivitas, hasil, dsb. di masa lalu)",https://kanjikana.com/id/kanji/括?jlpt=1,1026
拭,"ぬぐ.う, ふ.く","ショク, シキ","menghapus, pel mop, usap","拭く【ふく】menghapus, mengeringkan","払拭【ふっしょく】menghapus, menyapu, memberantas, menghilangkan",,https://kanjikana.com/id/kanji/拭?jlpt=1,2421
傑,すぐ.れる,ケツ,"keagungan, keunggulan","傑作【けっさく】karya agung, pekerjaan terbaik, kesalahan yang menghibur, kesalahan lucu, ereksi","傑出【けっしゅつ】menjadi luar biasa, unggul, menjadi yang terdepan","豪傑【ごうけつ】pahlawan, pria hebat",https://kanjikana.com/id/kanji/傑?jlpt=1,1926
憂,"うれ.える, うれ.い, う.い, う.き",ユウ,"melankolis, berduka, ratapan, cemas, sedih, tidak bahagia","憂慮【ゆうりょ】kecemasan, kekhawatiran, ketakutan","一喜一憂【いっきいちゆう】bergantian antara kebahagiaan dan kecemasan, berayun-ayun antara suka dan duka, senang dan sedih secara bergantian, berayun antara optimisme dan pesimisme","憂き目【うきめ】pengalaman pahit, kesengsaraan, kesulitan, dukacita, pikiran sedih",https://kanjikana.com/id/kanji/憂?jlpt=1,1625
旨,"むね, うま.い",シ,"lezat, selera, menunjukkan kesukaan terhadap, maksud, akan, pintar, ahli","趣旨【しゅし】arti, poin, intisari, efek, tujuan, ...","要旨【ようし】titik, kebutuhan pokok, intisari, ringkasan, dasar-dasar","旨【むね】prinsip, tujuan, tujuan utama, bagian tengah, tiang, ...",https://kanjikana.com/id/kanji/旨?jlpt=1,1166
擁,,ヨウ,"pelukan, memiliki, melindungi, timbal","擁立【ようりつ】dukungan (untuk sebuah posisi), memberikan dukungan kepada, membantu (seseorang) mencapai posisi","擁護【ようご】perlindungan, pertahanan, dukungan, kejuaraan, pembenaran","擁する【ようする】memeluk, memiliki, memerintah, memimpin, mempekerjakan, ...",https://kanjikana.com/id/kanji/擁?jlpt=1,1213
腎,,ジン,ginjal,腎不全【じんふぜん】gagal ginjal,"腎炎【じんえん】peradangan ginjal, nefritis",腎臓【じんぞう】ginjal,https://kanjikana.com/id/kanji/腎?jlpt=1,1755
椎,"つち, う.つ","ツイ, スイ","kastanye chinquapin, palu kayu, tulang belakang",脊椎【せきつい】tulang belakang,椎間板【ついかんばん】cakram intervertebral,腰椎【ようつい】vertebra lumbar,https://kanjikana.com/id/kanji/椎?jlpt=1,1911
醜,"みにく.い, しこ",シュウ,"jelek, kotor, malu","醜い【みにくい】jelek, tidak menarik, tidak pantas, memalukan, tidak terhormat","醜態【しゅうたい】perilaku memalukan, pemandangan yang memalukan",醜聞【しゅうぶん】skandal,https://kanjikana.com/id/kanji/醜?jlpt=1,2074
塞,"ふさ.ぐ, とりで, み.ちる","ソク, サイ","dekat, tutup, sampul, blok, menghalangi","塞ぐ【ふさぐ】menyumbat, menutup, memblokir, diam, menutupi, ...","閉塞【へいそく】sumbatan, blokade, memblokir, penghentian, penghalang, ...","心筋梗塞【しんきんこうそく】serangan jantung, infark miokard",https://kanjikana.com/id/kanji/塞?jlpt=1,null
亭,,"テイ, チン","paviliun, restoran, rumah besar, pergola, pondok, vaudeville, gedung musik, nama panggung","料亭【りょうてい】restoran mewah Jepang, restoran Jepang tradisional (khususnya yang mewah)","亭主【ていしゅ】kepala rumah tangga, tuan, tuan rumah, pemilik penginapan, pemilik, ...",,https://kanjikana.com/id/kanji/亭?jlpt=1,1627
如,ごと.し,"ジョ, ニョ","kesamaan, seperti, seolah-olah, lebih baik, terbaik, sama","突如【とつじょ】tiba-tiba, secara tak terduga","欠如【けつじょ】kurang, ketidakhadiran, kekurangan, kesulitan","如実【にょじつ】kenyataan, kondisi aktual, situasi sebenarnya, representasi yang setia, deskripsi yang jelas, ...",https://kanjikana.com/id/kanji/如?jlpt=1,1704
粛,つつし.む,"シュク, スク","khidmat, diam-diam, lembut","自粛【じしゅく】penguasaan diri, pembatasan sukarela, kontrol yang dipaksakan sendiri, kedisiplinan diri","厳粛【げんしゅく】kuburan, khidmat, serius, keras, ketat",粛清【しゅくせい】pembersihan politik,https://kanjikana.com/id/kanji/粛?jlpt=1,1549
麺,むぎこ,"メン, ベン","mie, tepung gandum","麺【めん】mie, tepung",,,https://kanjikana.com/id/kanji/麺?jlpt=1,2331
窮,"きわ.める, きわ.まる, きわ.まり, きわ.み","キュウ, キョウ","kekurangan uang, miskin, menderita, bingung, terpojok","窮屈【きゅうくつ】sempit, ketat, resmi, kaku, upacara, ...","窮乏【きゅうぼう】kemiskinan, kekurangan","窮状【きゅうじょう】kesulitan, kondisi menyedihkan",https://kanjikana.com/id/kanji/窮?jlpt=1,1756
猟,"かり, か.る",リョウ,"berburu, penembakan, permainan, tas",狩猟【しゅりょう】berburu,密猟【みつりょう】pemburuan liar,"猟【りょう】berburu, penembakan, permainan, tambang",https://kanjikana.com/id/kanji/猟?jlpt=1,1851
傍,"かたわ.ら, わき, おか-, はた, そば",ボウ,"penonton, sisi, selain, sementara, dekat, orang ketiga","傍ら【かたわら】samping, tepi, di samping, selain, terdekat, ...","傍聴【ぼうちょう】mendengarkan, menghadiri (tanpa berpartisipasi), duduk di (misalnya dalam rapat), mengamati","傍観【ぼうかん】melihat ke, berdiri dan menonton, duduk santai dan menonton, tetap sebagai penonton",https://kanjikana.com/id/kanji/傍?jlpt=1,1660
髄,,ズイ,"sumsum, esensi","骨髄【こつずい】sumsum tulang, sumsum, semangat sejati, pikiran seseorang",髄膜炎【ずいまくえん】radang selaput otak,脊髄【せきずい】sumsum tulang belakang,https://kanjikana.com/id/kanji/髄?jlpt=1,1652
溝,みぞ,コウ,"selokan, parit, saluran pembuangan, 10**32","溝【こう】10^32, seratus noniliun","側溝【そっこう】selokan, parit","海溝【かいこう】palung samudra, dalam",https://kanjikana.com/id/kanji/溝?jlpt=1,1736
緯,"よこいと, ぬき",イ,"horizontal, gonggong, kiri & kanan, garis lintang, prediksi",緯度【いど】lintang,北緯【ほくい】lintang utara,南緯【なんい】lintang selatan,https://kanjikana.com/id/kanji/緯?jlpt=1,1430
隙,"すき, す.く, す.かす, ひま","ゲキ, キャク, ケキ","celah, retakan, discord, kesempatan, waktu luang","隙間【すきま】celah, retak, pembukaan, izin, waktu luang, ...","隙【すき】celah, ruang angkasa, istirahat, selingan, interval, ...",,https://kanjikana.com/id/kanji/隙?jlpt=1,null
胎,,タイ,rahim,"胎内【たいない】interior rahim (wanita hamil), interior rahim, interior patung Buddha","胎動【たいどう】gerakan janin, mempercepat, tanda-tanda, indikasi, kegairahan","堕胎【だたい】aborsi, pembunuhan janin",https://kanjikana.com/id/kanji/胎?jlpt=1,1861
錯,,"サク, シャク","bingung, campuran, berantakan","錯覚【さっかく】ilusi optik, halusinasi, kesalahpahaman, khayalan","錯誤【さくご】kesalahan, ketidakcocokan, ketidaksesuaian antara tindakan dan niat seseorang",試行錯誤【しこうさくご】coba-coba,https://kanjikana.com/id/kanji/錯?jlpt=1,1740
爵,,シャク,"baron, bangsawan, peringkat pengadilan","公爵【こうしゃく】pangeran, adipati",侯爵【こうしゃく】markis,"伯爵【はくしゃく】menghitung, bangsawan",https://kanjikana.com/id/kanji/爵?jlpt=1,null
懇,ねんご.ろ,コン,"ramah, baik, sopan, ramah tamah",懇談【こんだん】percakapan santai,"懇話【こんわ】percakapan ramah, obrolan","懇親【こんしん】persahabatan, keintiman",https://kanjikana.com/id/kanji/懇?jlpt=1,1135
艇,,テイ,"perahu dayung, perahu kecil","艦艇【かんてい】kapal angkatan laut, kapal perang","競艇【きょうてい】perjanjian, perlombaan perahu, perlombaan hydroplane dan olahraga judi di Jepang","漕艇【そうてい】mendayung, berperahu",https://kanjikana.com/id/kanji/艇?jlpt=1,1433
刈,か.る,"ガイ, カイ","menuai, potong, jepit, memangkas, kering","刈る【かる】memotong, memotong rumput, memangkas, menuai, memanen","丸刈り【まるがり】potongan cepak, tanaman rapat","刈り込む【かりこむ】memangkas, mengurangi, memotong, menuai (tanaman) dan menyimpannya, memanen, ...",https://kanjikana.com/id/kanji/刈?jlpt=1,1738
岐,,"キ, ギ","bercabang, percabangan di jalan, pemandangan, arena, teater","岐阜【ぎふ】Gifu (kota, prefektur)","多岐【たき】penyimpangan, banyak perbedaan","分岐点【ぶんきてん】persimpangan, titik pembagian, perpisahan jalan",https://kanjikana.com/id/kanji/岐?jlpt=1,1428
暫,しばら.く,ザン,"sementara, sebentar, momen, waktu yang lama",暫定【ざんてい】sementara,,,https://kanjikana.com/id/kanji/暫?jlpt=1,1112
弦,つる,ゲン,"tali busur, kord, hipotenusa","弦楽【げんがく】musik untuk instrumen dawai, musik dawai",管弦楽団【かんげんがくだん】orkes,管弦楽【かんげんがく】musik orkestra,https://kanjikana.com/id/kanji/弦?jlpt=1,1773
悼,いた.む,トウ,"ratapan, berduka atas",追悼【ついとう】berduka,"哀悼【あいとう】belasungkawa, penyesalan, penghormatan, kesedihan, simpati, ...","悼む【いたむ】berduka atas, berduka, meratapi",https://kanjikana.com/id/kanji/悼?jlpt=1,1645
昆,,コン,"keturunan, kakak laki-laki, serangga",昆虫【こんちゅう】serangga,"昆布【こんぶ】kombu (biasanya Saccharina japonica), rumput laut, spesies yang dapat dimakan dari keluarga Laminariaceae",,https://kanjikana.com/id/kanji/昆?jlpt=1,1688
墨,すみ,ボク,"tinta hitam, tinta India, batang tinta, meksiko","墨【すみ】tinta hitam, tinta india, tinta cina, tongkat tinta, kue tinta, ...","墨付き【すみつき】sertifikat, dokumen bersertifikat, otorisasi, jempol ke atas, cap persetujuan, ...","入れ墨【いれずみ】tato (khususnya yang tradisional Jepang), mentato",https://kanjikana.com/id/kanji/墨?jlpt=1,1616
錬,ね.る,レン,"perlakuan panas, menyempurnakan, bor, kereta api, polandia","精錬【せいれん】penyulingan, penyempurnaan, peleburan, pelatihan","錬金術【れんきんじゅつ】alkimia, cara menghasilkan uang, pembuat uang","鍛錬【たんれん】perlakuan panas (logam), penalaan, penempaan, mengeras, mendisiplinkan, ...",https://kanjikana.com/id/kanji/錬?jlpt=1,2221
潤,"うるお.う, うるお.す, うる.む",ジュン,"basah, disiram, mengambil keuntungan dari, menerima manfaat, kebaikan, pesona, curam","潤う【うるおう】menjadi lembap, dilembabkan, basah, mengambil keuntungan (dari), menguntungkan, ...","潤滑油【じゅんかつゆ】minyak pelumas, pelumas, orang atau benda yang membuat segala sesuatu berjalan lancar, fasilitator","潤い【うるおい】kelembapan, lembap, kekayaan, kehangatan, minat, ...",https://kanjikana.com/id/kanji/潤?jlpt=1,1644
捉,とら.える,"ソク, サク",tangkap,"捉える【とらえる】menangkap, mengambil alih, mengambil, menggenggam, memahami, ...",,,https://kanjikana.com/id/kanji/捉?jlpt=1,1976
抽,ひき-,チュウ,"memetik, tarik, ekstrak, excel","抽選【ちゅうせん】lotre, undian, pengundian",抽象【ちゅうしょう】abstraksi,抽象的【ちゅうしょうてき】abstrak,https://kanjikana.com/id/kanji/抽?jlpt=1,1437
旬,,"ジュン, シュン","dekameron, periode sepuluh hari, musim (untuk produk tertentu)","下旬【げじゅん】sepertiga terakhir dari sebulan, 21 sampai hari terakhir dalam sebulan","中旬【ちゅうじゅん】tengah bulan, sepertiga kedua dari sebulan, tanggal 11 sampai 20 dalam sebulan",上旬【じょうじゅん】10 hari pertama bulan,https://kanjikana.com/id/kanji/旬?jlpt=1,1162
鯨,くじら,ゲイ,paus,"捕鯨【ほげい】penangkapan ikan paus, perburuan paus",鯨【くじら】paus (Cetacea spp.),鯨肉【げいにく】daging paus,https://kanjikana.com/id/kanji/鯨?jlpt=1,1486
嗅,か.ぐ,キュウ,"bau, mengendus, aroma","嗅ぐ【かぐ】mengendus, mencium",,,https://kanjikana.com/id/kanji/嗅?jlpt=1,2480
渇,かわ.く,カツ,"haus, mengering, mengeringkan","渇く【かわく】haus, merasa haus, haus akan, mendambakan",渇水【かっすい】kekurangan air,"枯渇【こかつ】mengering, kehabisan, kelelahan, merasa lelah",https://kanjikana.com/id/kanji/渇?jlpt=1,1944
湧,わ.く,"ユウ, ヨウ, ユ","mendidih, fermentasi, keributan, membudidayakan","湧く【わく】memancar, muncul tiba-tiba, melonjak, muncul, berkeringat, ...","湧水【ゆうすい】musim semi, genangan air","湧出【ゆうしゅつ】mengalir deras, membendung, muncul",https://kanjikana.com/id/kanji/湧?jlpt=1,2070
帆,ほ,ハン,berlayar,帆【ほ】berlayar,"帆船【はんせん】kapal layar, perahu layar",帆走【はんそう】berlayar,https://kanjikana.com/id/kanji/帆?jlpt=1,1923
賠,,バイ,"kompensasi, mengganti rugi","賠償【ばいしょう】kompensasi, reparasi, jaminan ganti rugi, kerusakan","賠償金【ばいしょうきん】ganti rugi, reparasi",自賠責保険【じばいせきほけん】asuransi wajib tanggung jawab kendaraan,https://kanjikana.com/id/kanji/賠?jlpt=1,1243
肪,,ボウ,gemuk,"脂肪【しぼう】gemuk, lemak paus, lemak babi, lemak sapi",脂肪酸【しぼうさん】asam lemak,,https://kanjikana.com/id/kanji/肪?jlpt=1,1878
挿,"さ.す, はさ.む",ソウ,"memasukkan, masukkan, cangkok, mengenakan (pedang)","挿絵【さしえ】ilustrasi, gambar","挿入【そうにゅう】penyisipan, penggabungan","挿話【そうわ】episode, cerita sampingan, cerita dalam cerita, disamping, aneh",https://kanjikana.com/id/kanji/挿?jlpt=1,1908
掌,"てのひら, たなごころ",ショウ,"memanipulasi, aturan, mengelola, kelakuan, telapak tangan",車掌【しゃしょう】konduktor kereta,"掌握【しょうあく】memahami, merebut, memegang, memerintah, memiliki kendali atas","合掌【がっしょう】menekan tangan bersama-sama dalam doa, rangka segitiga atap jerami, hormat saya, salam hormat",https://kanjikana.com/id/kanji/掌?jlpt=1,1757
枕,まくら,"チン, シン",bantal,"枕【まくら】bantal, menguatkan, pengantar, pendahuluan","枕詞【まくらことば】bantal, kata hias yang digunakan sebagai prefiks dalam sastra Jepang klasik, prakata, pengantar",枕絵【まくらえ】gambar erotis,https://kanjikana.com/id/kanji/枕?jlpt=1,2084
擦,"す.る, す.れる, -ず.れ, こす.る, こす.れる",サツ,"parut, gosok, garukan, mengikis, lecet, menggosok","摩擦【まさつ】gesekan, menggosok, lecet, discord, perselisihan, ...","擦る【する】menggosok, menggesek, menyalakan (korek), mengarsipkan, mengembunkan (kaca), ...","擦り傷【すりきず】garukan, menggembalakan, abrasi",https://kanjikana.com/id/kanji/擦?jlpt=1,1485
暁,"あかつき, さと.る","ギョウ, キョウ","fajar, dalam hal","暁星【ぎょうせい】bintang fajar, Venus, kelangkaan","暁【あかつき】fajar, fajar, kejadian, kesempatan, kejadian",,https://kanjikana.com/id/kanji/暁?jlpt=1,1924
枢,"とぼそ, からくり","スウ, シュ","engsel, poros, pintu, pusat segala sesuatu","中枢【ちゅうすう】pusat, poros, andalan, inti, tulang belakang, ...",枢機卿【すうききょう】kardinal,"枢軸【すうじく】poros, pusat, titik pusat, poros (perjanjian WWII)",https://kanjikana.com/id/kanji/枢?jlpt=1,1791
崇,あが.める,スウ,"mengagumi, menghormati, pemujaan","崇拝【すうはい】ibadah, pengaguman, kekaguman, sekte","崇高【すうこう】tinggi, luar biasa, mulia, yang luhur (estetika)",,https://kanjikana.com/id/kanji/崇?jlpt=1,1970
陵,みささぎ,リョウ,"mausoleum, makam kaisar, gundukan, bukit",丘陵【きゅうりょう】bukit,"陵【みささぎ】mausoleum kekaisaran, makam kaisar, bukit besar","陵墓【りょうぼ】makam kekaisaran, mausoleum kekaisaran",https://kanjikana.com/id/kanji/陵?jlpt=1,1746
鉛,なまり,エン,timbal,鉛【なまり】timbal (Pb),鉛筆【えんぴつ】pensil,黒鉛【こくえん】grafit,https://kanjikana.com/id/kanji/鉛?jlpt=1,1710
貼,"は.る, つ.く","テン, チョウ","tongkat, tempel, menerapkan",,,,https://kanjikana.com/id/kanji/貼?jlpt=1,2444
蜂,はち,ホウ,"lebah, tawon","蜂【はち】lebah, tawon",蜂起【ほうき】pemberontakan,,https://kanjikana.com/id/kanji/蜂?jlpt=1,2223
酢,す,サク,"cuka, asam, kue pai",酢【す】cuka,酢酸【さくさん】asam asetat,"酢の物【すのもの】hidangan bercuka, hidangan acar",https://kanjikana.com/id/kanji/酢?jlpt=1,1955
窒,,チツ,"menyumbat, menghalangi",窒素【ちっそ】nitrogen (N),"窒息【ちっそく】suffokasi, tersedak, asfiksia",,https://kanjikana.com/id/kanji/窒?jlpt=1,1776
据,"す.える, す.わる",キョ,"atur, mendirikan pondasi, memasang, perlengkapan, jongkok, duduk","据える【すえる】meletakkan, memperbaiki, menata, meletakkan (pondasi), menginstal, ...","据え付ける【すえつける】menginstal, melengkapi, memasang","据え置き【すえおき】penundaan (misalnya, dari tabungan), membiarkan (sesuatu) apa adanya, tidak ditebus, tak terpulihkan, tak termaafkan, ...",https://kanjikana.com/id/kanji/据?jlpt=1,1468
准,,ジュン,"seakan-akan, semi-, rekan",批准【ひじゅん】ratifikasi,"准将【じゅんしょう】komodor, jenderal brigadir",准看護婦【じゅんかんごふ】perawat praktis,https://kanjikana.com/id/kanji/准?jlpt=1,1441
棋,ご,キ,"bidak catur, catur jepang, shogi","将棋【しょうぎ】shogi, catur jepang","棋聖【きせい】master besar go, maestro hebat shogi","棋院【きいん】pergi ke institusi, klub pergi, pergi ke aula",https://kanjikana.com/id/kanji/棋?jlpt=1,1311
旋,"め.ぐる, いばり",セン,"rotasi, berkeliling","旋風【せんぷう】angin puting beliung, sensasi, keributan",旋律【せんりつ】melodi,"旋回【せんかい】revolusi, rotasi, berputar, melingkari, berbelok",https://kanjikana.com/id/kanji/旋?jlpt=1,1801
股,"また, もも",コ,"paha, selangkangan","股【また】selangkangan, paha, tongkat bantu, percabangan, garpu (bagian tajam)","股【もも】paha, femoral",,https://kanjikana.com/id/kanji/股?jlpt=1,2212
叱,しか.る,"シツ, シチ, カ",mencela,"叱る【しかる】memarahi, menegur","叱咤【しった】mencaci maki, teguran, dorongan keras, mendesak",,https://kanjikana.com/id/kanji/叱?jlpt=1,
渦,うず,カ,"pusaran air, pusaran","渦【うず】pusaran air, pusaran","渦中【かちゅう】pusaran, arus pusaran, pusaran air, di tengah-tengah skandal, kontroversi, ...","渦巻き【うずまき】pusaran air, pusaran, spiral",https://kanjikana.com/id/kanji/渦?jlpt=1,1789
椅,,イ,kursi,"椅子【いす】kursi, bangku, pos, kantor, posisi",車椅子【くるまいす】kursi roda,,https://kanjikana.com/id/kanji/椅?jlpt=1,2245
釜,かま,フ,"ketel, kawah, panci besi","釜【かま】panci besi, ketel",,,https://kanjikana.com/id/kanji/釜?jlpt=1,1761
錦,にしき,キン,"brokat, gaun bagus, kehormatan","錦【にしき】brokat, gaun bagus, pakaian bagus","錦絵【にしきえ】nishiki-e, cetak balok kayu multi-warna",,https://kanjikana.com/id/kanji/錦?jlpt=1,1440
炊,"た.く, -だ.き",スイ,"memasak, mendidih","炊事【すいじ】memasak, pekerjaan dapur",炊飯器【すいはんき】penanak nasi,"自炊【じすい】memasak untuk diri sendiri, memasak makanan sendiri, memasak sendiri, membuat makanan sendiri, swalayan, ...",https://kanjikana.com/id/kanji/炊?jlpt=1,1777
陶,すえ,トウ,"tembikar, porselen","陶器【とうき】porselen (khususnya porselen lunak), cina, barang pecah belah, tembikar, keramik, ...","陶芸【とうげい】seni keramik, keramik","陶磁器【とうじき】porselen, cina, barang pecah belah, keramik, tembikar",https://kanjikana.com/id/kanji/陶?jlpt=1,1680
踪,あと,"ソウ, ショウ","sisa, petunjuk, jejak","失踪【しっそう】kehilangan, melarikan diri, hilang",,,https://kanjikana.com/id/kanji/踪?jlpt=1,null
践,ふ.む,セン,"jejak, menginjak, latihan, melaksanakan","実践【じっせん】latihan, menerapkan, implementasi, praktik",,,https://kanjikana.com/id/kanji/践?jlpt=1,1570
顕,"あきらか, あらわ.れる",ケン,"muncul, ada",顕微鏡【けんびきょう】mikroskop,"顕著【けんちょ】luar biasa, menakjubkan, jelas","顕彰【けんしょう】menghormati (secara terbuka), menghormati, membuat perbuatan baik atau pencapaian seseorang menjadi terkenal",https://kanjikana.com/id/kanji/顕?jlpt=1,1536
盲,めくら,モウ,"buta, pria buta, orang bodoh","盲点【もうてん】titik buta (pada retina), titik buta, titik lemah, celah",盲導犬【もうどうけん】anjing pemandu,盲人【もうじん】orang buta,https://kanjikana.com/id/kanji/盲?jlpt=1,1767
庶,,ショ,"rakyat biasa, semua, anak haram","庶民【しょみん】orang biasa, massa",庶務【しょむ】urusan umum,"庶民的【しょみんてき】populer, kerakyatan, plebeian, biasa, tidak pretensius",https://kanjikana.com/id/kanji/庶?jlpt=1,1558
轄,くさび,カツ,"kontrol, baji",直轄【ちょっかつ】kontrol langsung,所轄【しょかつ】yurisdiksi,"管轄【かんかつ】yurisdiksi, kontrol",https://kanjikana.com/id/kanji/轄?jlpt=1,1771
騰,"あが.る, のぼ.る",トウ,"melompat ke atas, naik, maju, pergi","沸騰【ふっとう】mendidih, memanas, kegembiraan, kegelisahan, fermentasi, ...","高騰【こうとう】lonjakan tajam (dalam harga), kenaikan tajam, peningkatan yang substansial, melayang","急騰【きゅうとう】lonjakan mendadak (dalam harga), kenaikan tajam, lompat, lonjakan",https://kanjikana.com/id/kanji/騰?jlpt=1,1420
虹,にじ,コウ,pelangi,虹【にじ】pelangi,,,https://kanjikana.com/id/kanji/虹?jlpt=1,2110
宰,,サイ,"mengawasi, manajer, aturan","主宰【しゅさい】pengawasan, keketuaan, ketua","宰相【さいしょう】perdana menteri, perdana, kanselir",,https://kanjikana.com/id/kanji/宰?jlpt=1,1597
柿,かき,シ,kesemek,"柿【かき】kaki, kesemek jepang (diospyros kaki)",渋柿【しぶがき】kesemek yang sepat,,https://kanjikana.com/id/kanji/柿?jlpt=1,1745
碁,,ゴ,pergi,碁盤【ごばん】papan go,碁【ご】go (permainan papan),囲碁【いご】go (permainan papan),https://kanjikana.com/id/kanji/碁?jlpt=1,1609
堕,"お.ちる, くず.す, くず.れる",ダ,"degeneratif, turun ke, terjerumus ke dalam","堕落【だらく】kerusakan moral, korupsi, degradasi","堕胎【だたい】aborsi, pembunuhan janin",,https://kanjikana.com/id/kanji/堕?jlpt=1,2087
猶,なお,"ユウ, ユ","selain itu, masih, belum","執行猶予【しっこうゆうよ】penangguhan eksekusi, hukuman penangguhan","起訴猶予【きそゆうよ】penangguhan dakwaan, meninggalkan biaya pada berkas","猶予【ゆうよ】penundaan, perpanjangan waktu",https://kanjikana.com/id/kanji/猶?jlpt=1,1799
冥,くら.い,"メイ, ミョウ",gelap,"冥利【みょうり】ketentuan, keberuntungan, kebaikan, bantuan, keuntungan",,,https://kanjikana.com/id/kanji/冥?jlpt=1,2349
臆,"むね, おくする","オク, ヨク","kepengecutan, jantung, pikiran, ketakutan, pengecut","臆病【おくびょう】pengecut, pemalu, mudah takut",臆病者【おくびょうもの】pengecut,,https://kanjikana.com/id/kanji/臆?jlpt=1,null
又,"また, また-, また.の-",ユウ,"atau lagi, selain itu, di sisi lain","又は【または】atau, atau ... atau ...","又【また】lagi, sekali lagi, waktu lain, juga, demikian juga, ...",,https://kanjikana.com/id/kanji/又?jlpt=1,1874
溺,"いばり, おぼ.れる","デキ, ジョウ, ニョウ","tenggelam, memanjakan","溺れる【おぼれる】berjuang di dalam air, tenggelam di bawah permukaan dan tidak dapat bernapas, nyaris tenggelam, memanjakan diri dalam, kehilangan akal karena sesuatu, ...",,,https://kanjikana.com/id/kanji/溺?jlpt=1,null
槽,ふね,ソウ,"pajak pertambahan nilai, bak mandi, tangki","水槽【すいそう】tangki air, akuarium",浴槽【よくそう】bak mandi,"浄化槽【じょうかそう】tangki pemurnian air, tangki septik",https://kanjikana.com/id/kanji/槽?jlpt=1,1809
鉢,,"ハチ, ハツ","mangkuk, bak nasi, pot, mahkota","鉢【はち】mangkuk, panci, cekungan, pot bunga, mahkota, ...","鉢植え【はちうえ】tanaman pot, penanaman dalam pot",小鉢【こばち】mangkuk kecil,https://kanjikana.com/id/kanji/鉢?jlpt=1,1890
絹,きぬ,ケン,sutra,絹【きぬ】sutera,絹糸【けんし】benang sutra,絹織物【きぬおりもの】barang sutra,https://kanjikana.com/id/kanji/絹?jlpt=1,1916
匿,かくま.う,トク,"sembunyi, tempat perlindungan, perisai","隠匿【いんとく】penyembunyian (khususnya kesalahan atau pelaku kriminal), berlindung, menampung","秘匿【ひとく】bersembunyi, penyembunyian","匿名【とくめい】anonimitas, menggunakan nama samaran",https://kanjikana.com/id/kanji/匿?jlpt=1,2024
婿,むこ,セイ,"mempelai pria, menantu laki-laki","婿【むこ】suami, mempelai pria, menantu laki-laki",娘婿【むすめむこ】menantu laki-laki,女婿【じょせい】menantu laki-laki,https://kanjikana.com/id/kanji/婿?jlpt=1,2099
剥,"へ.ぐ, へず.る, む.く, む.ける, は.がれる, は.ぐ, は.げる, は.がす","ハク, ホク","lepas, kupas, memudar, berubah warna",,,,https://kanjikana.com/id/kanji/剥?jlpt=1,
鎌,かま,"レン, ケン","sabit, tipu","鎌【かま】sabit, pertanyaan yang mengarahkan, pertanyaan jebakan, sabit dan rantai, tombak dengan bilah melengkung, ...",,,https://kanjikana.com/id/kanji/鎌?jlpt=1,1587
窟,"いわや, いはや, あな","クツ, コツ",gua,洞窟【どうくつ】gua,,,https://kanjikana.com/id/kanji/窟?jlpt=1,null
餅,"もち, もちい","ヘイ, ヒョウ",kue beras mochi,"餅【もち】moci, kue beras ketan",,,https://kanjikana.com/id/kanji/餅?jlpt=1,2152
痩,や.せる,"ソウ, チュウ, シュウ, シュ",menjadi kurus,"痩せる【やせる】menjadi kurus, menurunkan berat badan, mengurangi berat badan, menjadi langsing, menjadi tandus, ...",,,https://kanjikana.com/id/kanji/痩?jlpt=1,null
剖,,ボウ,membagi,"解剖【かいぼう】pembedahan, otopsi, pemeriksaan postmortem, analisis",解剖学【かいぼうがく】anatomi,,https://kanjikana.com/id/kanji/剖?jlpt=1,1918
呉,"く.れる, くれ",ゴ,"beri, lakukan sesuatu untuk, kerajaan Wu","呉服【ごふく】kain (untuk pakaian Jepang), kain kimono, tekstil, tirai, barang kering, ...","呉越同舟【ごえつどうしゅう】musuh bebuyutan dalam perahu yang sama, para saingan yang secara kebetulan bertemu","呉【ご】Wu (wilayah di Tiongkok, selatan Sungai Yangtze bagian bawah), Wu (kerajaan di Tiongkok selama era Lima Dinasti dan Sepuluh Kerajaan; 902-937 M), Wu Selatan, Wu (kerajaan di Tiongkok selama era Tiga Kerajaan; 222-280 M), Wu Timur, ...",https://kanjikana.com/id/kanji/呉?jlpt=1,1729
戚,"いた.む, うれ.える, みうち","ソク, セキ","berduka, kerabat","親戚【しんせき】kerabat, hubungan",,,https://kanjikana.com/id/kanji/戚?jlpt=1,null
婆,"ばば, ばあ",バ,"wanita tua, nenek, pengasuh bayi",老婆【ろうば】wanita tua,"婆【ばば】wanita tua, badut (dalam permainan old maid)","婆【ばばあ】wanita tua, pelukan, tas tua",https://kanjikana.com/id/kanji/婆?jlpt=1,2435
孔,あな,"コウ, ク","rongga, lubang, celah, sangat, hebat",孔子【こうし】Konfusius,瞳孔【どうこう】pupil (mata),"孔雀【くじゃく】merak (termasuk merak jantan, merak betina, dan anak merak)",https://kanjikana.com/id/kanji/孔?jlpt=1,2052
梗,"ふさぐ, やまにれ, おおむね","コウ, キョウ","sebagian besar, tutup, batang bunga","心筋梗塞【しんきんこうそく】serangan jantung, infark miokard","脳梗塞【のうこうそく】infark serebral, stroke iskemik",桔梗【ききょう】Bunga lonceng Cina (Platycodon grandiflorus),https://kanjikana.com/id/kanji/梗?jlpt=1,null
睦,"むつ.まじい, むつ.む, むつ.ぶ","ボク, モク","intim, ramah, harmonis",,,,https://kanjikana.com/id/kanji/睦?jlpt=1,1993
窃,"ぬす.む, ひそ.か",セツ,"senyap, mencuri, rahasia, pribadi, terdiam","窃盗【せっとう】pencurian, mencuri",,,https://kanjikana.com/id/kanji/窃?jlpt=1,1871
戯,"たわむ.れる, ざ.れる, じゃ.れる","ギ, ゲ","bermain-main, bermain, olahraga","戯曲【ぎきょく】drama, bermain, opera tiongkok","遊戯【ゆうぎ】bermain, permainan, bermain dan menari (di taman kanak-kanak atau sekolah dasar)","戯画【ぎが】karikatur, kartun, komik",https://kanjikana.com/id/kanji/戯?jlpt=1,1880
宜,"よろ.しい, よろ.しく",ギ,"salam hormat, baik","便宜【べんぎ】kemudahan, akomodasi, keuntungan, manfaat, kesesuaian","適宜【てきぎ】cocok, tepat, pas, secara tepat, sesuai itu, ...","時宜【じぎ】waktu yang tepat, salam musiman",https://kanjikana.com/id/kanji/宜?jlpt=1,1766
堪,"た.える, たま.る, こら.える, こた.える","カン, タン","bertahan, dukungan, melawan","堪能【たんのう】mahir, terampil, menikmati, kepuasan, kenyang",堪忍袋【かんにんぶくろ】simpanan kesabaran seseorang,,https://kanjikana.com/id/kanji/堪?jlpt=1,1953
赴,おもむ.く,フ,"melanjutkan, dapatkan, menjadi, cenderung","赴任【ふにん】pindah ke lokasi yang berbeda untuk memulai pekerjaan baru, menuju janji temu baru",,,https://kanjikana.com/id/kanji/赴?jlpt=1,1649
眉,まゆ,"ビ, ミ",alis,眉【まゆ】alis,"焦眉【しょうび】darurat, kegentingan",,https://kanjikana.com/id/kanji/眉?jlpt=1,2177
抹,,マツ,"gosok, cat, menghapus","一抹【いちまつ】sentuhan dari, sembarangan, karangan (misalnya dari asap), satu pukulan, satu sikat","抹消【まっしょう】penghapusan, mencoret, pembatalan","抹茶【まっちゃ】matcha, teh hijau bubuk",https://kanjikana.com/id/kanji/抹?jlpt=1,2006
忌,"い.む, い.み, い.まわしい",キ,"berduka, membenci, menjijikkan, ulang tahun kematian",回忌【かいき】hari ulang tahun kematian,一周忌【いっしゅうき】peringatan pertama kematian seseorang,"忌避【きひ】penghindaran, menghindari, penolakan (hakim), mengajukan keberatan (kepada hakim), tantangan",https://kanjikana.com/id/kanji/忌?jlpt=1,1882
迅,,ジン,cepat,"迅速【じんそく】cepat, petunjuk, disederhanakan, dipercepat",,,https://kanjikana.com/id/kanji/迅?jlpt=1,1888
喝,,カツ,"serak, mencela","恐喝【きょうかつ】pemerasan, ancaman (untuk memeras uang)","一喝【いっかつ】teguran keras dan nyaring, menggonggong, mengaum, teguran yang digunakan dalam Zen untuk mencapai pencerahan","喝采【かっさい】bersulang, tepuk tangan, ovasi, aklamasi",https://kanjikana.com/id/kanji/喝?jlpt=1,1858
蛮,えびす,バン,barbar,"野蛮【やばん】liar, biadab, barbar, tidak beradab","蛮行【ばんこう】tindakan kekejaman, barbarisme, kekejaman","南蛮【なんばん】barbar selatan (nama yang digunakan di Cina kuno untuk kelompok etnik non-Tionghoa di selatan), negara-negara asia tenggara (pada periode muromachi akhir dan edo), Eropa Barat (khususnya Spanyol dan Portugal serta koloni-koloni mereka di Asia Tenggara; periode akhir Muromachi dan Edo), asing (dari Asia Tenggara dan Eropa Barat), ekstotis (khususnya dalam gaya Eropa Barat atau Asia Tenggara), ...",https://kanjikana.com/id/kanji/蛮?jlpt=1,2339
喉,のど,コウ,"tenggorokan, suara","喉【のど】tenggorokan, suara nyanyian, selokan buku","耳鼻咽喉科【じびいんこうか】otorhinolaringologi, otorinolaringologi, departemen telinga, hidung, dan tenggorokan","喉【こん】ikan, penghitung ikan",https://kanjikana.com/id/kanji/喉?jlpt=1,2390
拙,つたな.い,セツ,"ceroboh, tidak terampil","拙速【せっそく】kasar dan siap, hamil, tergesa-gesa, ceroboh, asal-asalan",拙守【せっしゅ】pertahanan yang buruk,"稚拙【ちせつ】tidak terampil, anak-anak, belum matang, naif, polos, ...",https://kanjikana.com/id/kanji/拙?jlpt=1,1938
瘍,かさ,ヨウ,"pembengkakan, mendidih, tumor",潰瘍【かいよう】tukak,胃潰瘍【いかいよう】tukak lambung,"腫瘍【しゅよう】tumor, neoplasma, neoplasia",https://kanjikana.com/id/kanji/瘍?jlpt=1,null
悦,"よろこ.ぶ, よろこ.ばす",エツ,"ekstasi, kegembiraan, kebahagiaan mendalam","満悦【まんえつ】kesenangan besar, kepuasan besar, kebahagiaan yang luar biasa",,,https://kanjikana.com/id/kanji/悦?jlpt=1,1762
丼,どんぶり,"トン, タン, ショウ, セイ","mangkuk, mangkuk makanan","丼【どんぶり】mangkuk porselen, donburi, mangkuk daging, ikan, dll. yang disajikan di atas nasi","天丼【てんどん】tempura donburi, tempura disajikan di atas mangkuk nasi, (mengulangi lelucon atau kalimat konyol yang sama)",,https://kanjikana.com/id/kanji/丼?jlpt=1,2088
朽,く.ちる,キュウ,"peluruhan, busuk, tetap dalam kesendirian","老朽【ろうきゅう】ketidakmampuan (karena usia tua), kerapuhan, pikun, penuaan, dana pensiun","不朽【ふきゅう】abadi, tahan lama, tak dapat rusak",,https://kanjikana.com/id/kanji/朽?jlpt=1,1891
諭,さと.す,ユ,"teguran, tegur, mengisi daya, peringatkan, membujuk",教諭【きょうゆ】guru (bersertifikat),"養護教諭【ようごきょうゆ】perawat sekolah, guru keperawatan, guru kesehatan","諭し【さとし】bimbingan, peringatan",https://kanjikana.com/id/kanji/諭?jlpt=1,1461
唆,"そそ.る, そそのか.す",サ,"menggoda, menghasut, mempromosikan","示唆【しさ】saran, petunjuk, implikasi","教唆【きょうさ】hasutan, penghasutan",,https://kanjikana.com/id/kanji/唆?jlpt=1,1278
逝,"ゆ.く, い.く",セイ,"berangkat, mati","逝去【せいきょ】kematian, melewati",急逝【きゅうせい】kematian mendadak,"逝く【いく】mati, meninggal",https://kanjikana.com/id/kanji/逝?jlpt=1,2018
挫,"くじ.く, くじ.ける","ザ, サ","kecintaan, istirahat, keseleo, mencegah","挫折【ざせつ】kendala, kegagalan, kekecewaan",脳挫傷【のうざしょう】kontusio serebral,"挫傷【ざしょう】keseleo, kunci inggris, memar, patah tulang",https://kanjikana.com/id/kanji/挫?jlpt=1,1869
棺,,カン,peti mati,"石棺【せっかん】sarkofagus, peti batu",棺【かん】peti mati,,https://kanjikana.com/id/kanji/棺?jlpt=1,2161
袖,そで,シュウ,"lengan, sayap (bangunan), ekstensi, mengacuhkan","袖【そで】lengan, sayap, selubung debu","領袖【りょうしゅう】pemimpin, kepala, bos","小袖【こそで】kimono lengan pendek (dipakai sebagai pakaian dalam selama periode Heian), pakaian sutra berlapis-padding",https://kanjikana.com/id/kanji/袖?jlpt=1,1960
埼,"さき, さい, みさき",キ,"cape, meludah, tanah yang menjorok ke laut",,,,https://kanjikana.com/id/kanji/埼?jlpt=1,971
汰,"おご.る, にご.る, よな.げる","タ, タイ","mencuci, penyaringan, membersihkan rumput liar, mewah","淘汰【とうた】membasmi, eliminasi (misalnya dari karyawan yang tidak diperlukan), pembantaian, seleksi, pilihan","沙汰【さた】urusan, negara bagian, insiden, masalah, materi, ...",自然淘汰【しぜんとうた】seleksi alam,https://kanjikana.com/id/kanji/汰?jlpt=1,null
胴,,ドウ,"batang, batang tubuh, lambung (kapal), pusat roda","胴【どう】batang, batang tubuh, tubuh, perut, pinggang, ...","胴体【どうたい】tubuh, batang, dada, lambung (perahu), fuselage (pesawat)",胴上げ【どうあげ】melempar (seseorang) ke udara (dalam perayaan),https://kanjikana.com/id/kanji/胴?jlpt=1,1904
酵,,コウ,fermentasi,酵素【こうそ】enzim,発酵【はっこう】fermentasi,酵母【こうぼ】ragi,https://kanjikana.com/id/kanji/酵?jlpt=1,1862
該,,ガイ,"yang disebutkan di atas, yang dikatakan, itu spesifik","該当【がいとう】sesuai dengan, berlaku untuk, berkaitan dengan, datang di bawah, jatuh di bawah, ...","当該【とうがい】sesuai (misalnya, otoritas), khawatir, relevan, mengatakan, yang disebutkan di atas, ...",,https://kanjikana.com/id/kanji/該?jlpt=1,1648
搾,しぼ.る,サク,memeras,"搾取【さくしゅ】eksploitasi, mengeringkan habis, memeras kering, memerah (misalnya, puting sapi), memeras","搾乳【さくにゅう】memerah (sapi, kambing, dll.), memompa ASI, ekspresi susu",,https://kanjikana.com/id/kanji/搾?jlpt=1,2046
娯,,ゴ,"rekreasi, kesenangan","娯楽【ごらく】hiburan, rekreasi, kesenangan, hobi",,,https://kanjikana.com/id/kanji/娯?jlpt=1,1827
欄,てすり,ラン,"kolom, pegangan tangan, kosong, ruang angkasa","欄【らん】bagian, kolom, halaman, bidang, kosong, ...",本欄【ほんらん】kolom ini,"空欄【くうらん】kolom kosong, ruang kosong",https://kanjikana.com/id/kanji/欄?jlpt=1,1523
郭,くるわ,カク,"kandang, perempat, benteng, kawasan lampu merah","外郭団体【がいかくだんたい】organisasi bantu, lembaga antar-departemen, organisasi pinggiran","輪郭【りんかく】kontur, garis besar, siluet, ringkasan, sketsa, ...",遊郭【ゆうかく】(distrik) lampu merah (berlisensi),https://kanjikana.com/id/kanji/郭?jlpt=1,1670
盆,,ボン,"cekungan, festival lentera, nampan","盆【ぼん】nampan, keluarga, rumah tangga, O-Bon, festival bon, ...",盆地【ぼんち】cekungan,"盆栽【ぼんさい】bonsai, tanaman pot mini",https://kanjikana.com/id/kanji/盆?jlpt=1,1654
謹,つつし.む,キン,"bijaksana, dengan hormat, dengan rendah hati","謹慎【きんしん】pengendalian diri, menyederhanakan perilaku seseorang, penyesalan, disiplin, penahanan di rumah, ...","不謹慎【ふきんしん】tidak bijaksana, ceroboh, tidak bermoral","謹厳【きんげん】keras, kuburan, khidmat, serius",https://kanjikana.com/id/kanji/謹?jlpt=1,2068
詠,"よ.む, うた.う",エイ,"deklamasi, puisi, lagu, mengarang","詠む【よむ】menggubah (puisi Jepang), menulis, untuk digunakan sebagai tema sebuah puisi, membaca (misalnya, puisi), mendendangkan, ...","詠み人知らず【よみびとしらず】penulis tidak diketahui, anonim",朗詠【ろうえい】deklamasi (puisi Jepang atau Cina),https://kanjikana.com/id/kanji/詠?jlpt=1,2000
蚊,か,ブン,nyamuk,蚊【か】nyamuk,蚊帳【かや】kelambu,,https://kanjikana.com/id/kanji/蚊?jlpt=1,2121
穀,,コク,"sereal, butir","穀物【こくもつ】butir, sereal, jagung",米穀【べいこく】beras,穀倉【こくそう】lumbung,https://kanjikana.com/id/kanji/穀?jlpt=1,1744
蜜,,"ミツ, ビツ","madu, nektar, melas","蜜【みつ】nektar, madu, melon madu, gula merah cair, molase, ...","蜜月【みつげつ】bulan madu, berada dalam hubungan intim",,https://kanjikana.com/id/kanji/蜜?jlpt=1,2203
帥,,スイ,"komandan, memimpin pasukan, gubernur","元帥【げんすい】marskal, laksamana armada, jenderal angkatan darat","総帥【そうすい】panglima tertinggi, pemimpin, kepala grup perusahaan","統帥【とうすい】komando tertinggi, komando tinggi",https://kanjikana.com/id/kanji/帥?jlpt=1,2016
羨,"うらや.む, あまり","セン, エン","iri, cemburu, menginginkan","羨ましい【うらやましい】iri, cemburu, diidamkan",羨望【せんぼう】iri,,https://kanjikana.com/id/kanji/羨?jlpt=1,null
宛,"あ.てる, -あて, -づつ, あたか.も",エン,"alamat, seperti, untungnya",,,,https://kanjikana.com/id/kanji/宛?jlpt=1,null
藍,あい,ラン,nila,"藍【あい】kesumba (Persicaria tinctoria, digunakan untuk membuat pewarna indigo), nila (zat warna), nila","伽藍【がらん】candi besar, biara, pembangunan candi",藍綬褒章【らんじゅほうしょう】medali dengan pita biru,https://kanjikana.com/id/kanji/藍?jlpt=1,2043
稽,"かんが.える, とど.める",ケイ,"berpikir, pertimbangkan","滑稽【こっけい】lucu, konyol, absurd","稽古【けいこ】latihan, berlatih, pelatihan, belajar","荒唐無稽【こうとうむけい】absurd, tidak masuk akal, menggelikan",https://kanjikana.com/id/kanji/稽?jlpt=1,2372
礁,,ショウ,"terumbu karang, batu yang tenggelam","暗礁【あんしょう】terumbu karang, batu tenggelam, kesulitan yang tidak terduga",岩礁【がんしょう】terumbu karang,"座礁【ざしょう】kandas, terdampar, penghantaran ke tanah, mendarat di pantai",https://kanjikana.com/id/kanji/礁?jlpt=1,1977
朴,"ほう, ほお, えのき",ボク,"kasar, sederhana, polos, jinak","素朴【そぼく】sederhana, polos, naif, tidak rumit","純朴【じゅんぼく】sederhana dan jujur, tidak rumit, naif, sederhana",,https://kanjikana.com/id/kanji/朴?jlpt=1,1626
伐,"き.る, そむ.く, う.つ","バツ, ハツ, カ, ボチ","jatuh, pukulan, serangan, menghukum","伐採【ばっさい】menebang kayu, menebang pohon, penebangan, membawa kayu",間伐【かんばつ】penjarangan berkala (misalnya hutan),"乱伐【らんばつ】penebangan hutan secara sembarangan, penebangan hutan berlebihan",https://kanjikana.com/id/kanji/伐?jlpt=1,1816
洪,,コウ,"banjir besar, banjir, luas",洪水【こうずい】banjir,,,https://kanjikana.com/id/kanji/洪?jlpt=1,1778
詮,"せん.ずる, かい, あき.らか",セン,"diskusi, metode yang dipanggil, pemilihan, hasil","所詮【しょせん】lagipula, pada akhirnya, bagaimanapun, (tidak bisa) mungkin, (sama sekali) tidak, ...",,,https://kanjikana.com/id/kanji/詮?jlpt=1,null
呈,,テイ,"tampilan, tawaran, hadir, kirim, pameran",進呈【しんてい】penyajian,贈呈【ぞうてい】presentasi,"露呈【ろてい】paparan, pengungkapan",https://kanjikana.com/id/kanji/呈?jlpt=1,1571
訂,ただ.す,テイ,"revisi, benar, memutuskan","訂正【ていせい】koreksi, revisi, amandemen","改訂【かいてい】revisi (teks), perubahan",改訂版【かいていばん】edisi revisi,https://kanjikana.com/id/kanji/訂?jlpt=1,1690
堤,つつみ,テイ,"tanggul, bank","堤防【ていぼう】bank, bendungan, tanggul","堤【つつみ】bank, tanggul","防波堤【ぼうはてい】pemecah gelombang, mol",https://kanjikana.com/id/kanji/堤?jlpt=1,1658
循,,ジュン,"berurutan, mengikuti","循環【じゅんかん】peredaran, rotasi, siklus, lingkaran","悪循環【あくじゅんかん】lingkaran setan, siklus setan",循環器【じゅんかんき】organ peredaran darah,https://kanjikana.com/id/kanji/循?jlpt=1,1699
淑,しと.やか,シュク,"anggun, lembut, murni",淑徳【しゅくとく】kebajikan wanita,"淑女【しゅくじょ】wanita, perempuan cabul",,https://kanjikana.com/id/kanji/淑?jlpt=1,1922
骸,むくろ,"ガイ, カイ","tulang, tubuh, mayat","形骸【けいがい】reruntuhan, bangkai, rangka tubuh saja, kerangka kerja","死骸【しがい】mayat, bangkai, sisa",,https://kanjikana.com/id/kanji/骸?jlpt=1,null
媒,なこうど,バイ,"penengah, perantara","媒体【ばいたい】medium, media",触媒【しょくばい】katalis,"冷媒【れいばい】refrigeran, pendingin",https://kanjikana.com/id/kanji/媒?jlpt=1,1900
栓,,セン,"colokan, baut, gabus, bunga, penyetop","栓【せん】penahan, gabus, colokan, bunga, keran, ...","血栓【けっせん】trombus, gumpalan darah",脳血栓【のうけっせん】trombosis serebral,https://kanjikana.com/id/kanji/栓?jlpt=1,2199
餓,う.える,ガ,"kelaparan, lapar, haus",飢餓【きが】kelaparan,"餓死【がし】kematian akibat kelaparan, mati kelaparan",,https://kanjikana.com/id/kanji/餓?jlpt=1,1754
壌,つち,ジョウ,"banyak, bumi, tanah",平壌【ピョンヤン】pyongyang (korea utara),"土壌【どじょう】tanah, tempat berkembang biak, tanah subur (untuk), yayasan (untuk pengembangan ...)",,https://kanjikana.com/id/kanji/壌?jlpt=1,1407
崖,"がけ, きし, はて","ガイ, ゲ, ギ","tebing, menggertak","崖【がけ】tebing, ambang situasi berbahaya",断崖【だんがい】tebing,,https://kanjikana.com/id/kanji/崖?jlpt=1,null
箸,はし,"チョ, チャク",sumpit,箸【はし】sumpit,"割り箸【わりばし】sumpit yang dapat dibuang, sumpit sekali pakai",,https://kanjikana.com/id/kanji/箸?jlpt=1,2156
慕,した.う,ボ,"merindukan, mencintai dengan tulus, mencintai","慕う【したう】merindukan, mencintai dengan tulus, mengagumi, mengikuti (seseorang)","思慕【しぼ】kerinduan, merindukan, kasih sayang mendalam",,https://kanjikana.com/id/kanji/慕?jlpt=1,2100
篤,あつ.い,トク,"bersemangat, baik hati, ramah, serius, sengaja","危篤【きとく】kondisi kritis, berada di ambang kematian","重篤【じゅうとく】kritis, serius","篤志家【とくしか】orang yang dermawan, filantropis, sukarelawan, pendukung",https://kanjikana.com/id/kanji/篤?jlpt=1,1942
蓋,"ふた, けだ.し, おお.う, かさ, かこう","ガイ, カイ, コウ","sampul, tutup, kepak","蓋【ふた】penutup, tutup",,,https://kanjikana.com/id/kanji/蓋?jlpt=1,2388
膳,"かしわ, すす.める, そな.える","ゼン, セン","meja kecil rendah, nampan","膳【ぜん】meja makan kecil (biasanya untuk satu orang), nampan saji (dengan kaki), makanan, melayani, penghitung mangkuk penuh nasi, ...",,,https://kanjikana.com/id/kanji/膳?jlpt=1,2120
藻,も,ソウ,"rumput laut, kiambang","藻【も】alga, rumput air, rumput laut, kiambang",海藻【かいそう】rumput laut,"藻類【そうるい】rumput laut, ganggang",https://kanjikana.com/id/kanji/藻?jlpt=1,2124
凄,"さむ.い, すご.い, すさ.まじい","セイ, サイ","mencengangkan, aneh, mengancam, mengerikan","凄い【すごい】mengerikan, luar biasa (misalnya, kekuatan), hebat, luar biasa, sebagian besar, ...",,,https://kanjikana.com/id/kanji/凄?jlpt=1,2313
矯,た.める,キョウ,"memperbaiki, meluruskan, benar, reformasi, obat, kontrol, berpura-pura, memalsukan","矯正【きょうせい】koreksi, obat, pembenaran, pemulihan, reformasi, ...",,,https://kanjikana.com/id/kanji/矯?jlpt=1,2105
廉,,レン,"tawar-menawar, alasan, biaya, kecurigaan, poin, akun, kemurnian, jujur, harga rendah, murah, beristirahat, puas, damai",廉売【れんばい】penjualan murah,"廉価【れんか】harga rendah, harga moderat","清廉【せいれん】jujur, tegak, bermuka bersih, tidak egois",https://kanjikana.com/id/kanji/廉?jlpt=1,2066
弊,,ヘイ,"penyalahgunaan, jahat, wakil, kerusakan","弊害【へいがい】efek berbahaya, pengaruh buruk, praktik jahat, penyalahgunaan, penyakit","疲弊【ひへい】kelelahan, kemiskinan, kelelahan finansial, reruntuhan","悪弊【あくへい】praktik korupsi, praktik jahat, kebiasaan buruk, penyalahgunaan, cara jahat",https://kanjikana.com/id/kanji/弊?jlpt=1,1750
漆,うるし,シツ,"laker, pernis, tujuh","漆【うるし】laker Asia Timur, jepang, pohon lak cina (toxicodendron vernicifluum, sebelumnya rhus verniciflua)","漆器【しっき】barang lakuer, barang lak, kerja lakir, kerajinan lak","漆塗り【うるしぬり】pelapisan, barang lak",https://kanjikana.com/id/kanji/漆?jlpt=1,1971
姻,,イン,"perkawinan, menikah","婚姻【こんいん】pernikahan, perkawinan",,,https://kanjikana.com/id/kanji/姻?jlpt=1,1985
尼,あま,ニ,biarawati,"尼【あま】biarawati buddha, biarawati katolik, saudara perempuan, pelacur, amagasaki (kota di prefektur hyogo), ...","尼僧【にそう】biarawati Buddha, biarawati katolik, saudara perempuan",,https://kanjikana.com/id/kanji/尼?jlpt=1,1844
弔,"とむら.う, とぶら.う",チョウ,"belasungkawa, berduka, pemakaman","弔問【ちょうもん】panggilan belasungkawa, mengunjungi keluarga yang berduka untuk menyampaikan belasungkawa","弔辞【ちょうじ】pesan belasungkawa, pidato peringatan","弔意【ちょうい】belasungkawa, simpati, berduka",https://kanjikana.com/id/kanji/弔?jlpt=1,1840
濁,"にご.る, にご.す","ダク, ジョク","berbicara, ketidakbersihan, salah, nigori, ketidakmurnian","濁る【にごる】menjadi berlumpur, menjadi mendung, menjadi keruh, menjadi tercemar, menjadi tumpul, ...","汚濁【おだく】polusi, kontaminasi, korupsi, cangkok","濁す【にごす】mengkeruhkan, mengaburkan, mengaduk, membuat ambigu, menghindari (misalnya, intinya), ...",https://kanjikana.com/id/kanji/濁?jlpt=1,1883
擬,"まが.い, もど.き",ギ,"meniru, bidikkan (senjata) ke, mencalonkan",模擬【もぎ】tiruan,"模擬店【もぎてん】kios penyegaran, bar makanan ringan",,https://kanjikana.com/id/kanji/擬?jlpt=1,1990
酪,,ラク,"produk susu, whey, kaldu, jus buah",酪農【らくのう】peternakan susu,,,https://kanjikana.com/id/kanji/酪?jlpt=1,2012
卸,"おろ.す, おろし, おろ.し",シャ,grosir,"卸す【おろす】menjual grosir, memarut, memotong ikan",卸【おろし】grosir,"卸売【おろしうり】grosir, penjualan grosir",https://kanjikana.com/id/kanji/卸?jlpt=1,1520
渓,"たに, たにがわ",ケイ,"aliran gunung, lembah","渓谷【けいこく】lembah (dengan sungai yang mengalir di dalamnya), ngarai, jurang","渓流【けいりゅう】aliran gunung, banjir gunung",雪渓【せっけい】lembah bersalju,https://kanjikana.com/id/kanji/渓?jlpt=1,2063
謡,"うた.い, うた.う",ヨウ,"lagu, menyanyi, balada, nyanyian noh","民謡【みんよう】lagu rakyat, lagu populer","歌謡【かよう】lagu, balada",童謡【どうよう】lagu anak-anak,https://kanjikana.com/id/kanji/謡?jlpt=1,1580
勃,"おこ.る, にわかに","ボツ, ホツ","kesigapan, naik","勃発【ぼっぱつ】wabah (misalnya perang), ledakan, kejadian mendadak",,,https://kanjikana.com/id/kanji/勃?jlpt=1,null
滋,,"ジ, シ","mengandung gizi, lebih dan lebih, subur, penanaman, kekeruhan",滋養【じよう】nutrisi,,,https://kanjikana.com/id/kanji/滋?jlpt=1,1563
煩,"わずら.う, わずら.わす, うるさ.がる, うるさ.い","ハン, ボン","kecemasan, masalah, khawatir, nyeri, sakit, mengganggu, gangguan, menjengkelkan","煩わしい【わずらわしい】menyusahkan, menjengkelkan, rumit","煩雑【はんざつ】kompleks, rumit, bingung, bermasalah, menyebalkan, ...","煩悩【ぼんのう】keinginan duniawi, nafsu jahat, nafsu daging, klesha (pikiran-pikiran yang mengotori seperti keserakahan, kebencian, dan kebingungan, yang mengakibatkan penderitaan)",https://kanjikana.com/id/kanji/煩?jlpt=1,2081
憤,いきどお.る,フン,"terangsang, membenci, merasa marah, kemarahan","憤慨【ふんがい】kemarahan, kebencian","憤り【いきどおり】kebencian, kemarahan",憤激【ふんげき】kemarahan,https://kanjikana.com/id/kanji/憤?jlpt=1,1863
幣,ぬさ,ヘイ,"uang tunai, kebiasaan buruk, awalan rendah hati, hadiah, persembahan kain Shinto, tali, potong kertas","貨幣【かへい】uang, mata uang, pencetakan uang","紙幣【しへい】uang kertas, catatan, tagihan","造幣局【ぞうへいきょく】biro permen, mint",https://kanjikana.com/id/kanji/幣?jlpt=1,1803
拉,"らっ.する, ひし.ぐ, くだ.く","ラツ, ラ, ロウ","latin, menculik, kecintaan","拉致【らち】menawan, membawa pergi, penculikan",,,https://kanjikana.com/id/kanji/拉?jlpt=1,null
禅,"しずか, ゆず.る","ゼン, セン","zen, meditasi diam","禅【ぜん】dhyana (meditasi mendalam), Zen (Buddhisme)",禅寺【ぜんでら】kuil zen,"座禅【ざぜん】zazen (meditasi Zen yang dilakukan dalam posisi duduk, biasanya dengan kaki bersilang)",https://kanjikana.com/id/kanji/禅?jlpt=1,1902
肖,あやか.る,ショウ,kesamaan,"肖像【しょうぞう】potret, kesamaan, gambar","不肖【ふしょう】tidak pantas, saya, tidak kompeten, tidak terampil, tidak berpengalaman, ...",,https://kanjikana.com/id/kanji/肖?jlpt=1,1889
塀,,"ヘイ, ベイ","pagar, dinding, (tanpa karakter)","塀【へい】dinding, pagar","土塀【どべい】dinding lumpur, dinding tanah, dinding plester",,https://kanjikana.com/id/kanji/塀?jlpt=1,1991
賓,,ヒン,"v.i.p., tamu","迎賓館【げいひんかん】aula resepsi, rumah tamu, gedung tamu negara (khususnya istana akasaka, juga gedung tamu di kyoto)",国賓【こくひん】tamu negara,"来賓【らいひん】tamu, pengunjung, kedatangan pengunjung",https://kanjikana.com/id/kanji/賓?jlpt=1,1677
瑠,,"ル, リュウ",lapis lazuli,"浄瑠璃【じょうるり】jōruri, jenis deklamasi dramatis yang disertai dengan shamisen (berkaitan dengan teater boneka Jepang)","瑠璃【るり】lapis lazuli, lapis lazuli (warna), beril, burung pengicau biru kecil (khususnya sangi biru-dan-putih dan robin biru Siberia, tetapi juga ekor biru bertepi merah), gelas",人形浄瑠璃【にんぎょうじょうるり】teater boneka Jepang di mana narasi dan dialog yang dilantunkan disertai dengan shamisen (pendahulu dari bunraku),https://kanjikana.com/id/kanji/瑠?jlpt=1,2352
俵,たわら,ヒョウ,"tas, gudang, karung, penghitung tas","土俵【どひょう】gelanggang gulat, forum, kantong pasir, gabion","俵【たわら】tas jerami, karung, gudang, penghitung karung","土俵際【どひょうぎわ】tepi cincin, tepi, momen kritis, menit terakhir",https://kanjikana.com/id/kanji/俵?jlpt=1,1481
脊,"せ, せい",セキ,"postur, tinggi",脊椎【せきつい】tulang belakang,脊髄【せきずい】sumsum tulang belakang,,https://kanjikana.com/id/kanji/脊?jlpt=1,2299
閲,けみ.する,エツ,"ulasan, pemeriksaan, revisi","閲覧【えつらん】inspeksi, membaca, penelaahan, menjelajah (web)","検閲【けんえつ】sensor, inspeksi, pemeriksaan","校閲【こうえつ】revisi, pemeriksaan naskah",https://kanjikana.com/id/kanji/閲?jlpt=1,1855
硫,,リュウ,belerang,"硫黄【いおう】belerang (S), belerang","脱硫【だつりゅう】desulfurisasi, desulfurisasi, desulfurisasi",硫酸【りゅうさん】asam sulfat,https://kanjikana.com/id/kanji/硫?jlpt=1,1867
譜,,フ,"partitur musik, musik, catatan, staf, meja, genealogi","楽譜【がくふ】skor, partitur musik","系譜【けいふ】genealogi, garis keturunan, pohon keluarga, silsilah","新譜【しんぷ】musik yang baru dirilis, rilis baru (CD, album, dll.), skor baru, komposisi baru",https://kanjikana.com/id/kanji/譜?jlpt=1,1919
痢,,リ,diare,下痢【げり】diare,赤痢【せきり】disentri,,https://kanjikana.com/id/kanji/痢?jlpt=1,2037
紺,,コン,"biru tua, angkatan laut",紺【こん】biru tua,紺屋【こうや】pengecat,濃紺【のうこん】biru tua,https://kanjikana.com/id/kanji/紺?jlpt=1,1825
雌,"め-, めす, めん",シ,"feminin, perempuan",雌【めす】betina,"雌雄【しゆう】jantan dan betina, dua jenis kelamin, kemenangan dan kekalahan, kekuatan dan kelemahan","雌花【めばな】bunga betina, bunga pistilat",https://kanjikana.com/id/kanji/雌?jlpt=1,1951
爽,"あき.らか, さわ.やか, たがう",ソウ,"menyegarkan, menguatkan, resonan, manis, bersih","爽快【そうかい】menyegarkan, menggembirakan, menguatkan",,,https://kanjikana.com/id/kanji/爽?jlpt=1,2333
醒,"さ.ます, さ.める",セイ,"terjaga, kecewa, menghilangkan mabuk","覚醒【かくせい】bangun tidur, pembangunan, gairah, kebangkitan, kekecewaan, ...",,,https://kanjikana.com/id/kanji/醒?jlpt=1,null
潟,"かた, -がた",セキ,laguna,"干潟【ひがた】dataran pasang surut, tanah pasang surut","潟【かた】laguna, inlet, sungai kecil, pantai pasang surut, dataran pasang surut, ...",,https://kanjikana.com/id/kanji/潟?jlpt=1,1204
茨,"いばら, かや, くさぶき","シ, ジ","semak berduri, duri",,,,https://kanjikana.com/id/kanji/茨?jlpt=1,1203
串,"くし, つらぬ.く","カン, ケン, セン","ludah, tusuk sate","串【くし】ludah, tusuk sate, proksi (server komputer)",,,https://kanjikana.com/id/kanji/串?jlpt=1,2139
茎,くき,"ケイ, キョウ","tangkai, batang",茎【くき】batang,,,https://kanjikana.com/id/kanji/茎?jlpt=1,2013
衡,,コウ,"kesetimbangan, pengukur, skala","均衡【きんこう】keseimbangan, keseimbangan","不均衡【ふきんこう】ketidakseimbangan, kurangnya keseimbangan, ketidaksimetrian, ketimpangan, kesenjangan",拡大均衡【かくだいきんこう】kesetimbangan yang berkembang atau sedang berkembang,https://kanjikana.com/id/kanji/衡?jlpt=1,1847
乞,こ.う,"コツ, キツ, キ, キケ, コチ","memohon, undang, tanya","乞食【こじき】pengemis, memohon",,,https://kanjikana.com/id/kanji/乞?jlpt=1,2478
賂,"まいな.い, まいな.う",ロ,suap,"賄賂【わいろ】suap, pemanis, kelembutan",,,https://kanjikana.com/id/kanji/賂?jlpt=1,null
戴,いただ.く,タイ,"dimahkotai dengan, hidup di bawah (seorang penguasa), menerima","頂戴【ちょうだい】menerima, mendapatkan, diberikan, makan, minum, ...","戴冠式【たいかんしき】upacara penobatan, penobatan",,https://kanjikana.com/id/kanji/戴?jlpt=1,2332
殉,,ジュン,"martir, mengikuti dengan mengundurkan diri",殉教【じゅんきょう】martir,"殉職【じゅんしょく】mati di posnya, tewas dalam tugas",殉難【じゅんなん】kesyahidan,https://kanjikana.com/id/kanji/殉?jlpt=1,2080
碑,いしぶみ,ヒ,"nisan, monumen","碑【いしぶみ】monumen batu dengan prasasti (khususnya monumen peringatan untuk generasi mendatang), prastambha","記念碑【きねんひ】plak peringatan, monumen batu (dengan prasasti)","碑文【ひぶん】prasanasti, epigraf",https://kanjikana.com/id/kanji/碑?jlpt=1,1792
坪,つぼ,ヘイ,"area dua tikar, sekitar tiga puluh enam kaki persegi","坪【つぼ】tsubo, satuan tradisional luas tanah, sekitar 3,31 meter persegi, satuan tradisional luas kain atau kertas, sekitar 9,18 sentimeter persegi, unit tradisional area kulit atau ubin, sekitar 918 sentimeter persegi, tsubo kubik (sekitar 6 meter kubik)",,,https://kanjikana.com/id/kanji/坪?jlpt=1,1823
峡,はざま,"キョウ, コウ","ngarai, jurang",海峡【かいきょう】selat,"峡谷【きょうこく】ngarai, jurang, lembah",,https://kanjikana.com/id/kanji/峡?jlpt=1,1833
侶,とも,"リョ, ロ","teman, pengikut","僧侶【そうりょ】pendeta, rahib, biksu","伴侶【はんりょ】teman, mitra, pasangan",,https://kanjikana.com/id/kanji/侶?jlpt=1,null
岬,みさき,コウ,"tanah yang menjorok ke laut, cape, ludah",岬【みさき】tanah genting,,,https://kanjikana.com/id/kanji/岬?jlpt=1,1972
籠,"かご, こ.める, こも.る, こ.む","ロウ, ル","keranjang, mengabdikan diri, menyendiri, kandang, koperasi, tersirat",,,,https://kanjikana.com/id/kanji/籠?jlpt=1,null
刹,,"セチ, セツ, サツ",candi,"刹那【せつな】momen, instan, sekejap, durasi satu peristiwa mental (sekitar 1/75 detik), interval waktu terpendek yang mungkin",,,https://kanjikana.com/id/kanji/刹?jlpt=1,null
宵,よい,ショウ,"dini hari, senja, malam awal","宵【よい】malam, jam-jam awal malam",今宵【こよい】malam ini,,https://kanjikana.com/id/kanji/宵?jlpt=1,2262
怨,"うら.む, うらみ, うら.めしい","エン, オン, ウン","dendam, menunjukkan rasa tidak suka, cemburu","怨念【おんねん】dendam yang mendalam, kebencian","怨霊【おんりょう】hantu dendam, penampakan",,https://kanjikana.com/id/kanji/怨?jlpt=1,2137
芋,いも,ウ,kentang,"芋【いも】umbi, taro, kentang, ubi jalar, orang desa, ...",,,https://kanjikana.com/id/kanji/芋?jlpt=1,2418
繕,つくろ.う,ゼン,"menambal, memperbaiki, memangkas, merapikan, sesuaikan",修繕【しゅうぜん】memperbaiki,"営繕【えいぜん】perawatan dan perbaikan, pemeliharaan (peralatan)",,https://kanjikana.com/id/kanji/繕?jlpt=1,2195
屯,たむろ,トン,"barak, kantor polisi, kem, ton","駐屯【ちゅうとん】penempatan (pasukan), tingkat hunian",,,https://kanjikana.com/id/kanji/屯?jlpt=1,1980
甚,"はなは.だ, はなは.だしい",ジン,"sangat, hebat",甚だ【はなはだ】sangat,"甚だしい【はなはだしい】ekstrem, berlebihan, mengerikan, intens, parah, ...","甚大【じんだい】sangat hebat, besar sekali, serius",https://kanjikana.com/id/kanji/甚?jlpt=1,1961
吟,,ギン,"membuat puisi, menyanyi, pertunjukan musik","吟味【ぎんみ】pemeriksaan mendalam, penyelidikan yang cermat, pemeriksaan mendetail, pemilihan yang cermat, pertanyaan, ...","吟醸酒【ぎんじょうしゅ】sake ginjō, sake berkualitas tinggi yang dibuat melalui fermentasi suhu rendah dari beras putih yang digiling hingga 60%","吟遊詩人【ぎんゆうしじん】penyair keliling, penyanyi keliling",https://kanjikana.com/id/kanji/吟?jlpt=1,1956
瓦,"かわら, ぐらむ",ガ,"ubin, gram",瓦【かわら】genteng,"瓦解【がかい】runtuh, kejatuhan","瓦礫【がれき】puing, ubin dan kerikil, sampah",https://kanjikana.com/id/kanji/瓦?jlpt=1,1850
醸,かも.す,ジョウ,"mendidihkan, penyebab","醸成【じょうせい】pembuatan bir, mengfermentasi, menggugah, menyebabkan, membuat, ...",醸造【じょうぞう】pembuatan bir,"吟醸酒【ぎんじょうしゅ】sake ginjō, sake berkualitas tinggi yang dibuat melalui fermentasi suhu rendah dari beras putih yang digiling hingga 60%",https://kanjikana.com/id/kanji/醸?jlpt=1,1838
藩,,ハン,"klan, kandang","藩【はん】han (kediaman seorang daimyo di periode Edo dan awal Meiji), wilayah feodal, provinsi","藩主【はんしゅ】tuhan feodal, daimyo",藩士【はんし】pelayan seorang daimyo,https://kanjikana.com/id/kanji/藩?jlpt=1,1896
僅,わず.か,"キン, ゴン",sedikit,,,,https://kanjikana.com/id/kanji/僅?jlpt=1,null
酎,かも.す,"チュウ, チュ",arak beras,"焼酎【しょうちゅう】shōchū, arak jepang yang didistilasi dari ubi jalar, beras, dll.",,,https://kanjikana.com/id/kanji/酎?jlpt=1,null
薪,"たきぎ, まき",シン,"bahan bakar, kayu bakar, penghidupan api","薪【まき】potongan kayu bakar (khususnya yang dipotong atau dibelah dari batang kayu), penyala api (ranting, cabang, dll.), kayu bakar","薪炭【しんたん】kayu dan arang, bahan bakar",,https://kanjikana.com/id/kanji/薪?jlpt=1,2182
斑,"ふ, まだら",ハン,"titik, cacat, bintik, tambalan","斑【むら】ketidaksamarataan (warna, cat, dll.), ketidakteraturan, kekaburan, ketidakteraturan (kualitas, hasil, perilaku, dll.), ketidakkonsistenan, ...",斑鳩【いかる】grosbeak jepang (eophona personata),,https://kanjikana.com/id/kanji/斑?jlpt=1,2165
遍,あまね.く,ヘン,"di mana-mana, waktu, secara luas, umumnya","普遍【ふへん】universal, umum, di mana-mana, ada di mana-mana","普遍的【ふへんてき】universal, ada di mana-mana, di mana-mana","遍歴【へんれき】perjalanan, zarah, perpindahan, pengalaman yang terakumulasi, riwayat pribadi",https://kanjikana.com/id/kanji/遍?jlpt=1,1845
奔,はし.る,ホン,"lari, keramaian","奔放【ほんぽう】liar, tanpa hambatan, mewah, merajalela","狂奔【きょうほん】bergegas-gegas, berlari liar","奔走【ほんそう】berlarian, berusaha keras, menyibukkan diri (dengan), sibuk terlibat (dalam), perantara baik, ...",https://kanjikana.com/id/kanji/奔?jlpt=1,1884
尺,さし,"シャク, セキ","syaku, kaki jepang, ukur, skala, aturan","尺度【しゃくど】pengukur, standar, ukur, kriteria, indeks, ...","尺八【しゃくはち】sakuhachi, seruling bambu tanpa fipple yang ditiup dari ujung, pekerjaan tiup, fellatio","尺【しゃく】shaku (satuan jarak yang kurang lebih sama dengan 30,3 cm), aturan, ukur, skala, panjang",https://kanjikana.com/id/kanji/尺?jlpt=1,1940
侯,,コウ,"markis, tuan, daimyo",侯爵【こうしゃく】markis,"王侯【おうこう】raja dan pangeran, pangkat bangsawan","侯【こう】marquis, peringkat kedua tertinggi dari lima peringkat kebangsawanan, daimyo",https://kanjikana.com/id/kanji/侯?jlpt=1,2363
嚇,おど.す,カク,"mengancam, martabat, keagungan","威嚇【いかく】ancaman, intimidasi",,,https://kanjikana.com/id/kanji/嚇?jlpt=1,2141
腺,,セン,"kelenjar, (tidak ada aksara)",甲状腺【こうじょうせん】kelenjar tiroid,前立腺肥大症【ぜんりつせんひだいしょう】pembesaran prostat,前立腺【ぜんりつせん】kelenjar prostat,https://kanjikana.com/id/kanji/腺?jlpt=1,null
罵,ののし.る,バ,"penyalahgunaan, penghinaan",,,,https://kanjikana.com/id/kanji/罵?jlpt=1,2467
泌,,"ヒツ, ヒ","mengeluarkan cairan kental, aliran, merendam dalam, menembus, mengeluarkan",分泌【ぶんぴつ】sekresi,"内分泌【ないぶんぴつ】endokrin, inkresi, sekresi internal",泌尿器【ひにょうき】organ kemih,https://kanjikana.com/id/kanji/泌?jlpt=1,2112
峠,とうげ,,"puncak gunung, lintasan gunung, klimaks, mahkota, (tulisan yang tidak diumumkan)","峠【とうげ】lintasan gunung, titik tertinggi di jalan gunung, punggungan, puncak, terburuk, ...",,,https://kanjikana.com/id/kanji/峠?jlpt=1,1941
傲,"おご.る, あなど.る",ゴウ,bangga,"傲慢【ごうまん】sombong, angkuh, kurang ajar, bangga, menindas",,,https://kanjikana.com/id/kanji/傲?jlpt=1,null
韻,,イン,"sajak, keanggunan, nada","余韻【よいん】gema, membengkak (dari sebuah himne), catatan tambahan, kenangan yang berlama-lama, rasa sesudah, ...","韻律【いんりつ】metrum (dari puisi), meter, irama, prosodi","韻【いん】sajak, rima (dari karakter Cina), embun beku",https://kanjikana.com/id/kanji/韻?jlpt=1,2148
媛,ひめ,エン,"wanita cantik, putri",,,,https://kanjikana.com/id/kanji/媛?jlpt=1,1735
唾,"つば, つばき","ダ, タ","air liur, dahak","唾【つば】air liur, ludah",,,https://kanjikana.com/id/kanji/唾?jlpt=1,null
楼,たかどの,ロウ,"menara pengawas, pengawas, gedung tinggi",楼閣【ろうかく】gedung bertingkat,蜃気楼【しんきろう】fatamorgana,摩天楼【まてんろう】gedung pencakar langit,https://kanjikana.com/id/kanji/楼?jlpt=1,2173
襟,えり,キン,"kerah, leher, perasaan batin seseorang","襟【えり】kerah, kerah leher, leher, pangkal leher, leher belakang","襟元【えりもと】(leher), leher, kerah (di depan)",胸襟【きょうきん】hati seseorang,https://kanjikana.com/id/kanji/襟?jlpt=1,2030
巾,"おお.い, ちきり, きれ","キン, フク","handuk, gulungan gantung, lebar, radikal kain (no. 50)","頭巾【ずきん】penutup kepala (khususnya yang terbuat dari kain), kap atau tudung, saputangan, topi, tutup kepala, ...",,,https://kanjikana.com/id/kanji/巾?jlpt=1,null
璃,,リ,"kaca, lapis lazuli","浄瑠璃【じょうるり】jōruri, jenis deklamasi dramatis yang disertai dengan shamisen (berkaitan dengan teater boneka Jepang)","瑠璃【るり】lapis lazuli, lapis lazuli (warna), beril, burung pengicau biru kecil (khususnya sangi biru-dan-putih dan robin biru Siberia, tetapi juga ekor biru bertepi merah), gelas",人形浄瑠璃【にんぎょうじょうるり】teater boneka Jepang di mana narasi dan dialog yang dilantunkan disertai dengan shamisen (pendahulu dari bunraku),https://kanjikana.com/id/kanji/璃?jlpt=1,null
臼,"うす, うすづ.く","キュウ, グ",mortir,"臼【うす】batu giling, mortir",,,https://kanjikana.com/id/kanji/臼?jlpt=1,2048
逐,,チク,"mengejar, mengusir, memburu, mencapai, berkomitmen",駆逐艦【くちくかん】kapal perusak,"逐一【ちくいち】satu per satu, secara rinci, secara mendetail","駆逐【くちく】pemusnahan, pengusiran, kehancuran",https://kanjikana.com/id/kanji/逐?jlpt=1,2230
貌,"かたち, かたどる","ボウ, バク","bentuk, penampilan, wajah","変貌【へんぼう】transformasi, perubahan penampilan","全貌【ぜんぼう】tampilan penuh, gambaran total, seluruh cerita, rincian lengkap, semua detail","風貌【ふうぼう】tampak, penampilan",https://kanjikana.com/id/kanji/貌?jlpt=1,null
蔽,"おお.う, おお.い","ヘイ, ヘツ, フツ","penutup, bayangan, mantel, terbalik, rusak",,,,https://kanjikana.com/id/kanji/蔽?jlpt=1,null
坑,,コウ,lubang,坑内【こうない】dalam lubang atau sumur tambang,"坑道【こうどう】terowongan, galeri tambang, tingkat, poros, lubang","廃坑【はいこう】penutupan tambang, tambang terbengkalai, tambang yang tidak digunakan lagi",https://kanjikana.com/id/kanji/坑?jlpt=1,2040
賜,"たまわ.る, たま.う, たも.う",シ,"hibah, hadiah, berkah, hasil","賜杯【しはい】piala kaisar, piala yang diberikan oleh Kaisar",恩賜【おんし】hadiah kekaisaran,,https://kanjikana.com/id/kanji/賜?jlpt=1,2190
桁,けた,コウ,"balok, balok besar, berkicau, kolom","桁【けた】kolom, balok, balok besar, balok lintang, berkicau, ...",,,https://kanjikana.com/id/kanji/桁?jlpt=1,null
慨,なげ.く,ガイ,"sesal, sedih, menghela napas, ratapan","感慨【かんがい】emosi mendalam, perasaan kuat","憤慨【ふんがい】kemarahan, kebencian","感慨無量【かんがいむりょう】emosi mendalam, penuh emosi",https://kanjikana.com/id/kanji/慨?jlpt=1,1875
舷,"ふなばた, ふなべり",ゲン,bancuh,右舷【うげん】kanan kapal,左舷【さげん】kiri kapal,,https://kanjikana.com/id/kanji/舷?jlpt=1,null
蔑,"ないがしろ, なみ.する, くらい, さげす.む",ベツ,"abaikan, menghina, mengabaikan, cemoohan","軽蔑【けいべつ】penghinaan, menghina, meremehkan","蔑視【べっし】penghinaan, cemoohan, sedikit",,https://kanjikana.com/id/kanji/蔑?jlpt=1,2483
昧,"くら.い, むさぼ.る","マイ, バイ","gelap, bodoh","曖昧【あいまい】samarnya, samar, tidak jelas, berbayang, tidak terhormat, ...","三昧【さんまい】samadhi (keadaan konsentrasi intens yang dicapai melalui meditasi), terbenam dalam, terpaku dalam, menikmati, melakukan sesuka hati, ...",,https://kanjikana.com/id/kanji/昧?jlpt=1,null
耗,,"モウ, コウ",penurunan,"消耗【しょうもう】kelelahan, konsumsi, menghabiskan, pembubaran, sampah",消耗品【しょうもうひん】barang konsumsi,"摩耗【まもう】memakai, abrasi",https://kanjikana.com/id/kanji/耗?jlpt=1,null
嗣,,シ,"ahli waris, berhasil",,,,https://kanjikana.com/id/kanji/嗣?jlpt=1,2310
柵,"しがら.む, しがらみ, とりで, やらい","サク, サン","kubu, pagar, bendungan kecil, berkelilit di sekitar","柵【さく】pagar, most, benteng","柵【しがらみ】aneh, obligasi, belenggu, ikatan kewajiban",柵【き】benteng,https://kanjikana.com/id/kanji/柵?jlpt=1,null
芯,,シン,sumbu,"芯【しん】sumbu, sumsum, kancing (untuk stapler), grafit, isi, ...",,,https://kanjikana.com/id/kanji/芯?jlpt=1,2202
硝,,ショウ,"nitrat, kalium nitrat",硝酸【しょうさん】asam nitrat,硝煙【しょうえん】asap mesiu,,https://kanjikana.com/id/kanji/硝?jlpt=1,2154
弄,"いじく.る, ろう.する, いじ.る, ひねく.る, たわむ.れる, もてあそ.ぶ","ロウ, ル","bermain dengan, sabotase, bermain-main dengan","翻弄【ほんろう】berada di bawah belas kasihan seseorang, bermain-main dengan, bermain dengan, membodohi, memimpin dengan mengendalikan sepenuhnya, ...",愚弄【ぐろう】cemoohan,,https://kanjikana.com/id/kanji/弄?jlpt=1,null
享,う.ける,"キョウ, コウ","menikmati, menerima, mengalami, jawab (telepon), mengambil, dapatkan, tangkap","享受【きょうじゅ】resepsi, penerimaan, kenikmatan, diberikan",享年【きょうねん】usia seseorang saat meninggal,,https://kanjikana.com/id/kanji/享?jlpt=1,1893
繭,"まゆ, きぬ",ケン,kepompong,繭【まゆ】kepompong,,,https://kanjikana.com/id/kanji/繭?jlpt=1,2495
煎,"せん.じる, い.る, に.る",セン,"panggang di atas api, mengeringkan, panggang, mendidih","煎茶【せんちゃ】teh hijau, teh daun hijau, teh non-bubuk (berbeda dengan matcha), teh hijau kelas menengah",,,https://kanjikana.com/id/kanji/煎?jlpt=1,2458
箇,,"カ, コ",penghitung untuk artikel,,,,https://kanjikana.com/id/kanji/箇?jlpt=1,null
勾,"かぎ, ま.がる","コウ, ク","ditekuk, lereng, tangkap","勾配【こうばい】lereng, miring, gradien, nilai, nada, ...","勾玉【まがたま】magatama, manik berbentuk koma dari jepang prasejarah, biasanya terbuat dari giok",,https://kanjikana.com/id/kanji/勾?jlpt=1,null
勅,"いまし.める, みことのり",チョク,perintah kekaisaran,,,,https://kanjikana.com/id/kanji/勅?jlpt=1,2157
憾,うら.む,カン,"penyesalan, menyesal","遺憾【いかん】menyesal, tidak memuaskan, menyedihkan",,,https://kanjikana.com/id/kanji/憾?jlpt=1,1682
倣,なら.う,ホウ,meniru,"模倣【もほう】imitasi, menyalin","倣う【ならう】meniru, mengikuti, menyalin",,https://kanjikana.com/id/kanji/倣?jlpt=1,2454
鬱,"うっ.する, ふさ.ぐ, しげ.る",ウツ,"kesuraman, depresi, melankolis, mewah",,,,https://kanjikana.com/id/kanji/鬱?jlpt=1,null
唄,"うた, うた.う",バイ,"lagu, balada",長唄【ながうた】lagu epik panjang dengan iringan shamisen (dikembangkan di Edo pada awal abad ke-17),子守唄【こもりうた】lagu pengantar tidur,"小唄【こうた】kota, balada tradisional dengan iringan shamisen",https://kanjikana.com/id/kanji/唄?jlpt=1,2051
淫,"ひた.す, ほしいまま, みだ.ら, みだ.れる, みだり",イン,"ketidaksenonohan, kemerosotan moral",,,,https://kanjikana.com/id/kanji/淫?jlpt=1,null
紡,つむ.ぐ,ボウ,berputar,"紡績【ぼうせき】pemintalan (tekstil), benang pintal","紡ぐ【つむぐ】berputar, membuat benang, memutar (cerita), merangkai",紡ぎ歌【つむぎうた】lagu berputar,https://kanjikana.com/id/kanji/紡?jlpt=1,1876
愁,"うれ.える, うれ.い",シュウ,"kesulitan, berduka, ratapan, cemas","郷愁【きょうしゅう】nostalgia, kerinduan akan rumah","哀愁【あいしゅう】patos, kesedihan, dukacita",,https://kanjikana.com/id/kanji/愁?jlpt=1,2171
朕,,チン,"plural megah, kami kerajaan",,,,https://kanjikana.com/id/kanji/朕?jlpt=1,null
糾,ただ.す,キュウ,"memutar, tanya, menyelidiki, verifikasi","紛糾【ふんきゅう】komplikasi, kebingungan, gangguan, kekacauan, perselisihan, ...","糾弾【きゅうだん】kecaman, pengutukan, serangan, menyalahkan","糾合【きゅうごう】kumpul, kumpulkan",https://kanjikana.com/id/kanji/糾?jlpt=1,1820
遷,"うつ.る, うつ.す, みやこがえ",セン,"transisi, bergerak, perubahan","変遷【へんせん】perubahan, transisi, kesulitan",遷都【せんと】pemindahan ibu kota,"遷宮【せんぐう】pemasangan dewa di kuil baru, pemindahan sebuah kuil",https://kanjikana.com/id/kanji/遷?jlpt=1,1937
禍,わざわい,カ,"bencana, kesialan, jahat, kutukan",惨禍【さんか】bencana,"禍根【かこん】akar dari kejahatan, sumber masalah, penyebab kesialan","戦禍【せんか】kerusakan perang, kebinasaan perang, kekejaman perang",https://kanjikana.com/id/kanji/禍?jlpt=1,2010
旺,"かがや.き, うつくし.い, さかん","オウ, キョウ, ゴウ","menggeliat, berhasil, cantik, bersemangat","旺盛【おうせい】hidup, bersemangat, energik, sehat, penuh keinginan, ...",,,https://kanjikana.com/id/kanji/旺?jlpt=1,2342
栃,とち,,"kastanye kuda, (kokuji)",,,,https://kanjikana.com/id/kanji/栃?jlpt=1,1427
箋,ふだ,セン,"kertas, label, surat, komposisi",処方箋【しょほうせん】resep dokter,"便箋【びんせん】kertas tulis, alat tulis, kertas catatan",,https://kanjikana.com/id/kanji/箋?jlpt=1,null
吏,,リ,"petugas, seorang pejabat","官吏【かんり】pejabat pemerintah, pegawai negeri, pegawai negeri sipil",,,https://kanjikana.com/id/kanji/吏?jlpt=1,null
桟,かけはし,"サン, セン","perancah, sepatu khusus untuk olahraga, bingkai, dermaga, palang (pintu)","桟橋【さんばし】dermaga, jembatan","桟敷【さじき】balkon (di teater), balkon pertama, kotak, tribun",,https://kanjikana.com/id/kanji/桟?jlpt=1,2093
玩,"もちあそ.ぶ, もてあそ.ぶ",ガン,"main, menikmati, bermain-main dengan, mencemooh","玩具【おもちゃ】mainan, (mainan)",,,https://kanjikana.com/id/kanji/玩?jlpt=1,2216
遜,"したが.う, へりくだ.る, ゆず.る",ソン,"rendah hati, sederhana",,,,https://kanjikana.com/id/kanji/遜?jlpt=1,null
酌,く.む,シャク,"melayani bar, menyajikan sake, tuan rumah, mengambil air, sendok besar, pompa","媒酌【ばいしゃく】perjodohan, bertindak sebagai perantara","晩酌【ばんしゃく】minum di rumah dengan makan malam, minuman makan malam",情状酌量【じょうじょうしゃくりょう】mempertimbangkan keadaan yang meringankan,https://kanjikana.com/id/kanji/酌?jlpt=1,2271
霜,しも,ソウ,embun beku,"霜【しも】embun beku, rambut putih, rambut abu-abu","霜降り【しもふり】bercak-bercak putih, berbintik-bintik hitam putih, marmorisasi (daging sapi), memutihkan dengan cara memaparkan ke air mendidih kemudian air es, pembentukan embun beku",,https://kanjikana.com/id/kanji/霜?jlpt=1,2151
哺,"はぐく.む, ふく.む",ホ,"perawat, menyusui",哺乳類【ほにゅうるい】mamalia,"哺乳【ほにゅう】menyusui, perawatan, laktasi",,https://kanjikana.com/id/kanji/哺?jlpt=1,2461
瞭,あきらか,リョウ,jelas,"明瞭【めいりょう】jelas, polos, berbeda, artikulasi",,,https://kanjikana.com/id/kanji/瞭?jlpt=1,null
叙,"つい.ず, ついで",ジョ,"berunding, berhubungan, menceritakan, menggambarkan",叙勲【じょくん】pemberian penghargaan,"叙情【じょじょう】lirisisme, deskripsi perasaan seseorang","叙事詩【じょじし】puisi deskriptif, puisi epik",https://kanjikana.com/id/kanji/叙?jlpt=1,1954
舶,,ハク,"pelapis, kapal","船舶【せんぱく】kapal, pengiriman, kapal laut","舶来【はくらい】diimpor, buatan luar negeri",,https://kanjikana.com/id/kanji/舶?jlpt=1,1753
畿,みやこ,キ,"ibu kota, pinggiran ibukota","近畿【きんき】Kinki (wilayah sekitar Osaka, Kyoto, Nara)",畿内【きない】Kinai (lima provinsi di sekitar langsung Kyoto),,https://kanjikana.com/id/kanji/畿?jlpt=1,1683
謁,,エツ,"penonton, audiensi (dengan raja)",,,,https://kanjikana.com/id/kanji/謁?jlpt=1,null
累,,ルイ,"mengumpulkan, keterlibatan, masalah, mengikat, terus-menerus",累積【るいせき】akumulasi,"累計【るいけい】total kumulatif, total terakumulasi, total hingga saat ini","累進【るいしん】promosi berturut-turut, kemajuan bertahap, naik bertahap, meningkat secara progresif",https://kanjikana.com/id/kanji/累?jlpt=1,1662
采,"と.る, いろどり",サイ,"dadu, bentuk, penampilan, ambil, mengumpulkan, mewarnai",納采【のうさい】mahar,"喝采【かっさい】bersulang, tepuk tangan, ovasi, aklamasi",,https://kanjikana.com/id/kanji/采?jlpt=1,null
冶,い.る,ヤ,"meleleh, peleburan",冶金【やきん】metalurgi,,,https://kanjikana.com/id/kanji/冶?jlpt=1,null
曖,くら.い,アイ,"gelap, tidak jelas","曖昧【あいまい】samarnya, samar, tidak jelas, berbayang, tidak terhormat, ...",,,https://kanjikana.com/id/kanji/曖?jlpt=1,null
惧,おそ.れる,"ク, グ","ketakutan, takut akan","危惧【きぐ】kekhawatiran, keberatan, kegelisahan, ketakutan, kecemasan",,,https://kanjikana.com/id/kanji/惧?jlpt=1,2097
綻,ほころ.びる,タン,"dikontrakkan, sobek, menguraikan, lari, mulai membuka, senyum","破綻【はたん】kegagalan, runtuh, kerusakan, putus, kebangkrutan",,,https://kanjikana.com/id/kanji/綻?jlpt=1,null
裾,すそ,"キョ, コ","manset, rumah, kaki gunung","裾【すそ】benang, manset celana, ekor kemeja, ujung bawah kimono, ekor gaun, ...","裾野【すその】kaki gunung, dataran di kaki gunung, rentang, menyebar, jangkauan, ...",,https://kanjikana.com/id/kanji/裾?jlpt=1,2334
某,"それがし, なにがし",ボウ,"si anu, satu, tertentu, orang itu",,,,https://kanjikana.com/id/kanji/某?jlpt=1,2106
阜,,"フ, フウ","bukit, gundukan, radikal desa kiri (no. 170)","岐阜【ぎふ】Gifu (kota, prefektur)",,,https://kanjikana.com/id/kanji/阜?jlpt=1,1532
頓,"にわか.に, とん.と, つまず.く, とみ.に, ぬかずく","トン, トツ","tiba-tiba, segera, terburu-buru, atur, tetap di tempat, busur, sembah sujud",,,,https://kanjikana.com/id/kanji/頓?jlpt=1,null
俸,,ホウ,"uang saku, gaji",年俸【ねんぽう】gaji tahunan,"減俸【げんぽう】pengurangan gaji, pemotongan gaji","俸給【ほうきゅう】gaji (khususnya pegawai negeri), gaji, membayar",https://kanjikana.com/id/kanji/俸?jlpt=1,1834
喩,"たと.える, さと.す",ユ,"metafora, bandingkan","比喩【ひゆ】simile, metafora, alegori, perumpamaan",,,https://kanjikana.com/id/kanji/喩?jlpt=1,null
惰,,ダ,"malas, kemalasan","惰性【だせい】kebiasaan yang sudah mendarah daging, inersia","怠惰【たいだ】malas, menganggur",,https://kanjikana.com/id/kanji/惰?jlpt=1,2336
肘,ひじ,チュウ,"siku, lengan",,,,https://kanjikana.com/id/kanji/肘?jlpt=1,null
閑,,カン,waktu luang,"閑散【かんさん】sepi, tenang, masih, terdiam, kosong, ...","閑静【かんせい】tenang, damai",閑古鳥【かんこどり】kukuk,https://kanjikana.com/id/kanji/閑?jlpt=1,1994
窯,かま,ヨウ,"tungku, oven","窯【かま】kompor, perapian, tungku","窯業【ようぎょう】keramik, industri keramik","窯元【かまもと】tempat pembuatan gerabah, tukang periuk",https://kanjikana.com/id/kanji/窯?jlpt=1,2072
苛,"いじ.める, さいな.む, いらだ.つ, からい, こまかい",カ,"penderitaan, mencela, menghukum",,,,https://kanjikana.com/id/kanji/苛?jlpt=1,null
寡,,カ,"janda, minoritas, sedikit",寡占【かせん】oligopoli,"寡黙【かもく】pendiam, tenang, tidak komunikatif","寡婦【かふ】janda, wanita bercerai yang tidak menikah lagi, wanita lajang",https://kanjikana.com/id/kanji/寡?jlpt=1,2035
捻,"ね.じる, ねじ.る, ひね.くる, ひね.る","ネン, ジョウ","berputar, memutar, bermain dengan",,,,https://kanjikana.com/id/kanji/捻?jlpt=1,null
褐,,カツ,"coklat, kimono wol","褐色【かっしょく】cokelat tua, warna kulit yang kecokelatan","茶褐色【ちゃかっしょく】cokelat kemerahan gelap, warna hati",,https://kanjikana.com/id/kanji/褐?jlpt=1,2186
遡,さかのぼ.る,"ソ, サク","mengarungi arus, mengulang masa lalu",,,,https://kanjikana.com/id/kanji/遡?jlpt=1,null
堆,うずたか.い,"タイ, ツイ",ditumpuk tinggi,"堆肥【たいひ】kompos, pupuk kandang","堆積【たいせき】akumulasi, tumpukan, sedimentasi",,https://kanjikana.com/id/kanji/堆?jlpt=1,2184
顎,"あご, あぎと",ガク,"rahang, dagu, insang","顎【あご】rahang, dagu, duri (pada mata kail)",,,https://kanjikana.com/id/kanji/顎?jlpt=1,null
畔,"あぜ, くろ, ほとり",ハン,"pematang sawah, tanggul",湖畔【こはん】tepi danau,河畔【かはん】pinggir sungai,,https://kanjikana.com/id/kanji/畔?jlpt=1,2049
諮,はか.る,シ,berkonsultasi dengan,"諮る【はかる】berkonsultasi dengan, membahas, memberikan, mendeliberasikan","諮問【しもん】konsultasi, pertanyaan, penyelidikan",,https://kanjikana.com/id/kanji/諮?jlpt=1,1345
璽,,ジ,cap kaisar,,,,https://kanjikana.com/id/kanji/璽?jlpt=1,null
翁,おきな,オウ,orang tua yang terhormat,"翁【おう】orang tua laki-laki, tuan yang terhormat, terhormat, tua, ayah",,,https://kanjikana.com/id/kanji/翁?jlpt=1,2064
儒,,ジュ,konfusianisme,儒教【じゅきょう】konfusianisme,儒学【じゅがく】konfusianisme,,https://kanjikana.com/id/kanji/儒?jlpt=1,2162
艶,"つや, なま.めかしい, あで.やか, つや.めく, なま.めく",エン,"mengkilap, kilap, glasir, polandia, pesona, berwarna-warni, menarik","艶【つや】kilap, kilau, bersinar, polandia, kelembutan (suara), ...","妖艶【ようえん】menarik, menggairahkan, memikat",,https://kanjikana.com/id/kanji/艶?jlpt=1,2207
斥,しりぞ.ける,セキ,"tolak, mundur, menarik, menolak","排斥【はいせき】penolakan, pengusiran, boikot, pengucilan",,,https://kanjikana.com/id/kanji/斥?jlpt=1,2231
貪,むさぼ.る,"タン, ドン, トン","menginginkan, memanjakan diri dalam",,,,https://kanjikana.com/id/kanji/貪?jlpt=1,null
墳,,フン,"makam, gundukan","古墳【こふん】kuburan kuno, gerobak, gundukan kubur",前方後円墳【ぜんぽうこうえんふん】gundukan makam berbentuk lubang kunci (bentuk makam Kekaisaran kuno),"墳墓【ふんぼ】kuburan, makam",https://kanjikana.com/id/kanji/墳?jlpt=1,1822
萎,"な, しお.れる, しな.びる, しぼ.む, な.える",イ,"layu, membosankan",,,,https://kanjikana.com/id/kanji/萎?jlpt=1,null
附,"つ.ける, つ.く",フ,"ditempelkan, melampirkan, merujuk kepada, tambahkan",,,,https://kanjikana.com/id/kanji/附?jlpt=1,2396
罷,"まか.り-, や.める",ヒ,"berhenti, pergi, menarik","罷免【ひめん】pemecatan, debit air",,,https://kanjikana.com/id/kanji/罷?jlpt=1,2104
劾,,ガイ,"kecaman, investigasi kriminal","弾劾【だんがい】pemakzulan, pengutukan, tuduhan, teguran, penetapan dakwaan",,,https://kanjikana.com/id/kanji/劾?jlpt=1,2085
畏,"おそ.れる, かしこま.る, かしこ, かしこ.し",イ,"ketakutan, megah, dengan ramah, merasa cemas","畏敬【いけい】penghormatan, kagum, hormat","畏怖【いふ】kagum, ketakutan",,https://kanjikana.com/id/kanji/畏?jlpt=1,2389
鋳,い.る,"チュウ, イ, シュ, シュウ","pemilihan pemeran, menta","鋳型【いがた】cetakan, pola","鋳物【いもの】pemilihan peran, objek logam cor","鋳る【いる】mencorat-coret, mencetak, menciptakan",https://kanjikana.com/id/kanji/鋳?jlpt=1,2005
捗,はかど.る,"チョク, ホ",membuat kemajuan,,,,https://kanjikana.com/id/kanji/捗?jlpt=1,null
詔,みことのり,ショウ,dekrit kekaisaran,"詔書【しょうしょ】dekrit kekaisaran, dekrit",,,https://kanjikana.com/id/kanji/詔?jlpt=1,2239
辣,から.い,ラツ,"menusuk, pedas, kasar, kejam, parah",,,,https://kanjikana.com/id/kanji/辣?jlpt=1,null
租,,ソ,"tarif, pajak tanaman, peminjaman",租税【そぜい】pajak,"租界【そかい】konsesi, permukiman",,https://kanjikana.com/id/kanji/租?jlpt=1,2089
沃,そそ.ぐ,"ヨウ, ヨク, オク",kesuburan,,,,https://kanjikana.com/id/kanji/沃?jlpt=1,null
升,ます,ショウ,"kotak ukur, 1,8 liter","升【ます】wadah pengukur, ukur, kotak (tempat duduk di gedung pertunjukan, dll.), persegi pada kisi, sel dari kisi, ...",,,https://kanjikana.com/id/kanji/升?jlpt=1,2077
摯,いた.る,シ,"hadiah, keseriusan","真摯【しんし】tulus, serius",,,https://kanjikana.com/id/kanji/摯?jlpt=1,2170
厘,,リン,"rin, 1/10 sen, 1/10 bagian","厘【りん】keseratus, 0,3 mm (seperseratus matahari), 0,1 persen (seperseratus dari sebuah wari), 0,0375 gram (seperseratus monme), rin (satuan moneter; 0,001 yen)",,,https://kanjikana.com/id/kanji/厘?jlpt=1,1835
咽,"むせ.ぶ, むせ.る, のど, の.む","イン, エン, エツ","tenggorokan, tersedak, tertutup, pengap","耳鼻咽喉科【じびいんこうか】otorhinolaringologi, otorinolaringologi, departemen telinga, hidung, dan tenggorokan",,,https://kanjikana.com/id/kanji/咽?jlpt=1,null
毀,"こぼ.つ, こわ.す, こぼ.れる, こわ.れる, そし.る, やぶ.る",キ,"istirahat, menghancurkan, teguran, retak, tergores, rusak",,,,https://kanjikana.com/id/kanji/毀?jlpt=1,null
庸,,ヨウ,"umum, biasa, pekerjaan","凡庸【ぼんよう】biasa-biasa saja, biasa, umum, sepele",,,https://kanjikana.com/id/kanji/庸?jlpt=1,2038
緻,こまか.い,チ,halus,"緻密【ちみつ】halus, rapat, rumit, menguraikan, tepat, ...","精緻【せいち】halus, menit, baik, terperinci",,https://kanjikana.com/id/kanji/緻?jlpt=1,2460
嫡,,"チャク, テキ","istri sah, keturunan langsung (bukan anak haram)",嫡出【ちゃくしゅつ】kelahiran sah,嫡子【ちゃくし】anak sah,,https://kanjikana.com/id/kanji/嫡?jlpt=1,2130
訃,しらせ,フ,nekrolog,"訃報【ふほう】berita kematian seseorang, nekrolog",,,https://kanjikana.com/id/kanji/訃?jlpt=1,2379
伎,"わざ, わざおぎ","ギ, キ","perbuatan, keterampilan","歌舞伎【かぶき】kabuki, bentuk tradisional drama dan musik yang diperankan oleh aktor pria yang memakai riasan terutama berwarna putih dan merah",,,https://kanjikana.com/id/kanji/伎?jlpt=1,null
詣,"けい.する, まい.る, いた.る, もう.でる","ケイ, ゲイ","mengunjungi sebuah kuil, tiba, mencapai","参詣【さんけい】kunjungan ke kuil atau tempat pemujaan, sembahyang, zairah","造詣【ぞうけい】pengetahuan mendalam, pencapaian, beasiswa",,https://kanjikana.com/id/kanji/詣?jlpt=1,null
麓,ふもと,ロク,kaki gunung,"麓【ふもと】kaki (gunung atau bukit), bawah, dasar",山麓【さんろく】kaki gunung,,https://kanjikana.com/id/kanji/麓?jlpt=1,2366
痘,,トウ,cacar,"種痘【しゅとう】vaksinasi cacar, vaksinasi terhadap cacar","天然痘【てんねんとう】cacar air, cacar",,https://kanjikana.com/id/kanji/痘?jlpt=1,null
嘲,あざけ.る,"チョウ, トウ","cemoohan, penghinaan","自嘲【じちょう】merendahkan diri sendiri, pengolokan diri sendiri, pengejekan diri sendiri, menertawakan diri sendiri",,,https://kanjikana.com/id/kanji/嘲?jlpt=1,null
倹,"つま.しい, つづまやか",ケン,"hemat, ekonomi","倹約【けんやく】hemat, ekonomi",,,https://kanjikana.com/id/kanji/倹?jlpt=1,2479
款,,カン,"nurani baik, artikel, bagian, persahabatan, kolusi",借款【しゃっかん】pinjaman internasional,"定款【ていかん】anggaran dasar, anggaran dasar perusahaan","約款【やっかん】perjanjian, ketentuan, artikel, klasul",https://kanjikana.com/id/kanji/款?jlpt=1,1854
汎,"ただよ.う, ひろ.い","ハン, ブ, フウ, ホウ, ホン",serba-,汎【はん】serba-,"汎用【はんよう】umum, tujuan umum, serbaguna",,https://kanjikana.com/id/kanji/汎?jlpt=1,2014
弐,"ふた.つ, そえ","ニ, ジ","II, dua, kedua",,,,https://kanjikana.com/id/kanji/弐?jlpt=1,null
弧,,コ,busur,弧【こ】busur,円弧【えんこ】busur,,https://kanjikana.com/id/kanji/弧?jlpt=1,2371
嘱,"しょく.する, たの.む",ショク,"percayakan, permintaan, kirim pesan","嘱託【しょくたく】komisi, mempercayakan dengan (pekerjaan), karyawan paruh waktu, pekerjaan sementara","委嘱【いしょく】pengkomisionan, mempercayakan, permintaan, pengangkatan","嘱望【しょくぼう】memiliki harapan besar untuk (masa depan seseorang), mengharapkan banyak dari, menggantungkan harapan pada",https://kanjikana.com/id/kanji/嘱?jlpt=1,1903
賦,,"フ, ブ","pajak, ode, prosa, puisi, penghormatan, angsuran","割賦【かっぷ】penugasan, kuota, pembayaran secara cicilan, sewa beli","賦課【ふか】pungutan, pembebanan",,https://kanjikana.com/id/kanji/賦?jlpt=1,null
迭,,テツ,"transfer, pergantian","更迭【こうてつ】pergantian (personel), remajemen kabinet, pergolakan, pemecatan, penggantian",,,https://kanjikana.com/id/kanji/迭?jlpt=1,1907
羞,"はじ.る, すすめ.る, は.ずかしい",シュウ,merasa malu,"羞恥【しゅうち】kepemaluan, malu",,,https://kanjikana.com/id/kanji/羞?jlpt=1,null
凹,"くぼ.む, へこ.む, ぼこ",オウ,"cekung, berongga, terbenam","凸凹【でこぼこ】ketidakteraturan, kekasaran, ketangguhan, ketidakrataan, ketimpangan, ...","凹凸【おうとつ】ketidakteraturan, ketidakrataan, kasar, ketangguhan, ketidakseimbangan, ...",,https://kanjikana.com/id/kanji/凹?jlpt=1,2206
濫,"みだ.りに, みだ.りがましい",ラン,"berlebihan, meluap, menyebar","氾濫【はんらん】meluap, banjir, banjir besar, kelebihan pasokan, kelebihan",,,https://kanjikana.com/id/kanji/濫?jlpt=1,null
氾,ひろ.がる,ハン,"menghampar, lebar","氾濫【はんらん】meluap, banjir, banjir besar, kelebihan pasokan, kelebihan",,,https://kanjikana.com/id/kanji/氾?jlpt=1,null
凸,でこ,トツ,"cembung, dahi berkerut, tidak rata","凸凹【でこぼこ】ketidakteraturan, kekasaran, ketangguhan, ketidakrataan, ketimpangan, ...","凹凸【おうとつ】ketidakteraturan, ketidakrataan, kasar, ketangguhan, ketidakseimbangan, ...","凸版印刷【とっぱんいんさつ】percetakan huruf timbul, cetak relief",https://kanjikana.com/id/kanji/凸?jlpt=1,2143
衷,,チュウ,"terdalam, jantung, pikiran, dalam","折衷【せっちゅう】kompromi, silang, pencampuran, eklektisisme",衷心【ちゅうしん】perasaan terdalam,和洋折衷【わようせっちゅう】perpaduan gaya Jepang dan Barat,https://kanjikana.com/id/kanji/衷?jlpt=1,2229
慄,"ふる.える, おそ.れる, おのの.く",リツ,ketakutan,"戦慄【せんりつ】menggigil, gemetar karena takut",,,https://kanjikana.com/id/kanji/慄?jlpt=1,null
遵,,ジュン,"patuhi, ikuti, patuhi, belajar",,,,https://kanjikana.com/id/kanji/遵?jlpt=1,null
蚕,"かいこ, こ","サン, テン",ulat sutera,蚕【かいこ】ulat sutera (bombyx mori),"養蚕【ようさん】budidaya ulat sutra, pemeliharaan ulat sutra",蚕糸【さんし】benang sutra,https://kanjikana.com/id/kanji/蚕?jlpt=1,2272
剝,"へ.ぐ, へず.る, む.く, む.ける, は.がれる, は.ぐ, は.げる, は.がす","ハク, ホク","lepas, mengupas, memudar, mengubah warna",,,,https://kanjikana.com/id/kanji/剝?jlpt=1,null
彙,はりねずみ,イ,"jenis yang sama, mengumpulkan, mengklasifikasikan, kategori, landak","語彙【ごい】kosa kata, leksikon, leksis, terminologi",,,https://kanjikana.com/id/kanji/彙?jlpt=1,null
斤,,キン,"kapak, 0,6 kg, gendut, penghitung roti, radikal kapak (no. 69)",,,,https://kanjikana.com/id/kanji/斤?jlpt=1,null
壱,ひとつ,"イチ, イツ",satu,,,,https://kanjikana.com/id/kanji/壱?jlpt=1,2351
丙,ひのえ,ヘイ,"kelas tiga, ketiga, tanda kalender ketiga","丙【へい】peringkat ketiga, kelas tiga, pihak ketiga, tanda ketiga dari kalender Tionghoa",,,https://kanjikana.com/id/kanji/丙?jlpt=1,null
但,ただ.し,タン,"namun, tetapi",,,,https://kanjikana.com/id/kanji/但?jlpt=1,2404
錮,ふさ.ぐ,コ,"penahanan, mengikat",,,,https://kanjikana.com/id/kanji/錮?jlpt=1,null
謄,,トウ,"mesin stensil, salin","謄本【とうほん】salinan bersertifikat, transkrip, salinan resmi dari buku register keluarga",,,https://kanjikana.com/id/kanji/謄?jlpt=1,2295
墾,"は.る, ひら.く",コン,"perintis, membuka lahan pertanian","開墾【かいこん】mengolah lahan baru, pembersihan, reklamasi",,,https://kanjikana.com/id/kanji/墾?jlpt=1,null
逓,"かわ.る, たがいに",テイ,"estafet, bergantian, mengirimkan","逓信【ていしん】komunikasi (misalnya pos, telegraf)",,,https://kanjikana.com/id/kanji/逓?jlpt=1,1957
抄,,ショウ,"ekstrak, pilihan, ringkasan, salin, menyebar tipis","抄本【しょうほん】cuplikan, ringkasan, buku pilihan","抄録【しょうろく】kutipan, abstrak, pilihan, ringkasan",,https://kanjikana.com/id/kanji/抄?jlpt=1,2328
且,か.つ,"ショ, ソ, ショウ","selain itu, juga",,,,https://kanjikana.com/id/kanji/且?jlpt=1,null
塑,でく,ソ,"model, cetakan","彫塑【ちょうそ】ukiran, model tanah liat, seni plastik",,,https://kanjikana.com/id/kanji/塑?jlpt=1,null
虞,"おそれ, おもんぱか.る, はか.る, うれ.える, あざむ.く, あやま.る, のぞ.む, たの.しむ",グ,"ketakutan, kegelisahan, kecemasan, kekhawatiran, harapan, pertimbangan",,,,https://kanjikana.com/id/kanji/虞?jlpt=1,null
恣,ほしいまま,シ,"egois, sewenang-wenang","恣意【しい】sewenang-wenang, keinginan sendiri, keinginan mendadak",,,https://kanjikana.com/id/kanji/恣?jlpt=1,2325
漸,"ようや.く, やや, ようよ.う, すす.む",ゼン,"secara berkelanjutan, perlahan maju, akhirnya, hampir tidak","漸進【ぜんしん】kemajuan bertahap, kemajuan yang stabil","漸次【ぜんじ】secara bertahap, perlahan, sedikit demi sedikit","漸減【ぜんげん】penurunan bertahap, penurunan",https://kanjikana.com/id/kanji/漸?jlpt=1,2115
畝,"せ, うね","ボウ, ホ, モ, ム","alur, tiga puluh tsubo, punggungan, iga","畝【うね】pematang, barisan tanah yang ditinggikan saat menanam tanaman, rusuk (kain, gunung, laut), kabel",,,https://kanjikana.com/id/kanji/畝?jlpt=1,2327
塡,"はま.る, うず.める, は.める, ふさ.ぐ","テン, チン","isi, mengisi, membuat baik",,,,https://kanjikana.com/id/kanji/塡?jlpt=1,null
楷,,カイ,"gaya karakter kotak, kebenaran","楷書【かいしょ】gaya cetak (menulis karakter Cina), gaya kotak, gaya balok, gaya standar",,,https://kanjikana.com/id/kanji/楷?jlpt=1,null
頒,"わ.かつ, わ.ける",ハン,"mendistribusikan, menyebarkan, partisi, mengerti","頒布【はんぷ】distribusi, sirkulasi",,,https://kanjikana.com/id/kanji/頒?jlpt=1,2287
頰,"ほお, ほほ",キョウ,"pipi, rahang",,,,https://kanjikana.com/id/kanji/頰?jlpt=1,null
憬,あこが.れる,ケイ,"merindukan, berusaha untuk, mengagumi","憧憬【どうけい】kerinduan, aspirasi, pengaguman",,,https://kanjikana.com/id/kanji/憬?jlpt=1,null
諧,"かな.う, やわ.らぐ",カイ,keselarasan,"俳諧【はいかい】haikai (nama kolektif untuk haiku, haibun, haiga, senryū, dll.), renga yang lucu atau vulgar",,,https://kanjikana.com/id/kanji/諧?jlpt=1,null
𠮟,しか.る,"シツ, シチ, カ",mencela,,,,https://kanjikana.com/id/kanji/𠮟?jlpt=1,null